<?xml version="1.0" encoding="utf-16"?>
<Level width ="2">
<Camera x="0" y="2" minWidth="20" maxWidth="30">
<Birds>
<Bird type="BirdRed"/>
<Bird type="BirdRed"/>
<Bird type="BirdRed"/>
</Birds>
<Slingshot x="-8" y="-2.5">
<GameObjects>
<Block type="RectBig" material="stone" x="1.76" y="-2.05242560140234" rotation="90.0" />
<Block type="RectMedium" material="stone" x="0.351645806261943" y="-2.17784989778434" rotation="90.0" />
<Block type="RectMedium" material="stone" x="2.32" y="-0.6516972892976586" rotation="0.0" />
<Block type="RectSmall" material="stone" x="0.4048285208083282" y="-0.8840786098220296" rotation="45.0" />
<Block type="RectSmall" material="stone" x="0.9582976832022293" y="-0.8047091386421383" rotation="-45.0" />
<Block type="RectSmall" material="stone" x="0.66" y="-1.259234142001226" rotation="0.0" />
<Block type="RectSmall" material="stone" x="0.819783311172887" y="-2.0928706779868023" rotation="0.0" />
<Block type="RectSmall" material="stone" x="0.73" y="-1.73" rotation="45.0" />
<Block type="RectSmall" material="stone" x="1.234622831629345" y="-1.640229248906996" rotation="90.0" />
<Block type="RectSmall" material="stone" x="0.81" y="-2.74" rotation="30.0" />
<Block type="RectSmall" material="stone" x="2.3078464170415214" y="-1.0893162046463427" rotation="0.0" />
<Block type="RectSmall" material="stone" x="2.4450114752439274" y="-1.97" rotation="0.0" />
<Block type="RectSmall" material="stone" x="2.2895492021552055" y="-2.24" rotation="0.0" />
<Block type="RectSmall" material="stone" x="2.323808417404795" y="-2.9369407324374324" rotation="0.0" />
<Block type="RectSmall" material="stone" x="2.7178073395783127" y="-1.49" rotation="90.0" />
<Block type="RectSmall" material="stone" x="2.7996714099792093" y="-2.657124647332547" rotation="90.0" />
<Block type="SquareTiny" material="stone" x="0.6754583027626789" y="-1.1046308945148307" rotation="0.0" />
<Block type="SquareTiny" material="stone" x="2.3458908285492033" y="-0.444475867608663" rotation="0.0" />
<Block type="RectMedium" material="ice" x="2.364992927569953" y="-0.8963437316985516" rotation="0.0" />
<Block type="RectFat" material="ice" x="0.59" y="-3.27" rotation="0.0" />
<Block type="RectFat" material="ice" x="1.256417751018619" y="-3.0262290371409186" rotation="90.0" />
<Block type="RectFat" material="ice" x="2.0300148469538724" y="-3.230193377826911" rotation="0.0" />
<Block type="RectFat" material="ice" x="2.7575201878428484" y="-3.27" rotation="0.0" />
</GameObjects>
</Level>
