<?xml version="1.0" encoding="utf-16"?>
<Level width ="2">
<Camera x="0" y="2" minWidth="20" maxWidth="30">
<Birds>
<Bird type="BirdRed"/>
<Bird type="BirdRed"/>
<Bird type="BirdRed"/>
</Birds>
<Slingshot x="-8" y="-2.5">
<GameObjects>
<Block type="RectBig" material="stone" x="1.8203492704995656" y="-2.1238838468843975" rotation="90.0" />
<Block type="RectMedium" material="stone" x="0.31158797401128385" y="-2.1802176371639437" rotation="90.0" />
<Block type="RectMedium" material="stone" x="2.2667846116835206" y="-0.5910165979154213" rotation="0.0" />
<Block type="RectSmall" material="stone" x="0.3181320774463323" y="-0.9916351116010288" rotation="45.0" />
<Block type="RectSmall" material="stone" x="0.8634863974207813" y="-1.0376330646221938" rotation="-45.0" />
<Block type="RectSmall" material="stone" x="0.742139392178191" y="-1.2067517324687032" rotation="0.0" />
<Block type="RectSmall" material="stone" x="0.7735337106011685" y="-2.257749864228486" rotation="0.0" />
<Block type="RectSmall" material="stone" x="0.7605761079623874" y="-1.662093097499253" rotation="45.0" />
<Block type="RectSmall" material="stone" x="1.171318567684917" y="-1.608427344529698" rotation="90.0" />
<Block type="RectSmall" material="stone" x="0.8476010708003544" y="-2.6445089812523794" rotation="30.0" />
<Block type="RectSmall" material="stone" x="2.3897579878386126" y="-1.0593169479592102" rotation="0.0" />
<Block type="RectSmall" material="stone" x="2.493654913713279" y="-2.006165669627998" rotation="0.0" />
<Block type="RectSmall" material="stone" x="2.336554794721618" y="-2.3532119879723585" rotation="0.0" />
<Block type="RectSmall" material="stone" x="2.417398487691699" y="-3.0522513843446903" rotation="0.0" />
<Block type="RectSmall" material="stone" x="2.6989348451329778" y="-1.315235704098509" rotation="90.0" />
<Block type="RectSmall" material="stone" x="2.922101407719121" y="-2.6253529126398436" rotation="90.0" />
<Block type="SquareTiny" material="stone" x="0.6960839437640097" y="-1.0264709159115664" rotation="0.0" />
<Block type="SquareTiny" material="stone" x="2.2891023616309947" y="-0.24479301356067507" rotation="0.0" />
<Block type="RectMedium" material="ice" x="2.4991858836365592" y="-0.9331110859935148" rotation="0.0" />
<Block type="RectFat" material="ice" x="0.713996787431614" y="-3.195716591014326" rotation="0.0" />
<Block type="RectFat" material="ice" x="1.3619127370343294" y="-3.0866939858145126" rotation="90.0" />
<Block type="RectFat" material="ice" x="2.020648499667046" y="-3.2866916480765167" rotation="0.0" />
<Block type="RectFat" material="ice" x="2.7449101712992006" y="-3.322911815826914" rotation="0.0" />
</GameObjects>
</Level>
