<?xml version="1.0" encoding="utf-16"?>
<Level width ="2">
<Camera x="0" y="2" minWidth="20" maxWidth="30">
<Birds>
<Bird type="BirdRed"/>
<Bird type="BirdRed"/>
<Bird type="BirdRed"/>
</Birds>
<Slingshot x="-8" y="-2.5">
<GameObjects>
<Block type="RectBig" material="stone" x="0.8649457132447732" y="-1.2555362113544666" rotation="45.0" />
<Block type="RectBig" material="stone" x="2.3876371663767886" y="-1.28" rotation="-45.0" />
<Block type="RectMedium" material="stone" x="1.896750503590739" y="-2.6247461832945387" rotation="90.0" />
<Block type="RectSmall" material="stone" x="1.6486581097409005" y="-1.4588555589364427" rotation="0.0" />
<Block type="RectSmall" material="stone" x="1.11" y="-1.8" rotation="0.0" />
<Block type="RectSmall" material="stone" x="0.7498222673571453" y="-2.1905442179212025" rotation="90.0" />
<Block type="RectSmall" material="stone" x="1.4615273635903485" y="-2.1725880833969002" rotation="90.0" />
<Block type="RectSmall" material="stone" x="1.09" y="-2.58" rotation="0.0" />
<Block type="RectSmall" material="stone" x="2.206945227928531" y="-1.7477697609150091" rotation="0.0" />
<Block type="RectSmall" material="stone" x="2.45" y="-2.2311529949800772" rotation="76.0" />
<Block type="RectMedium" material="ice" x="1.499023576407104" y="-1.5036596355293637" rotation="0.0" />
<Block type="RectFat" material="ice" x="0.12780067477675466" y="-2.265653920946514" rotation="90.0" />
<Block type="RectFat" material="ice" x="0.1476600398168953" y="-3.1490265668829616" rotation="90.0" />
<Block type="RectFat" material="ice" x="1.07" y="-3.11" rotation="90.0" />
<Block type="RectFat" material="ice" x="2.3675373200147627" y="-3.0347214573221164" rotation="90.0" />
<Block type="RectFat" material="ice" x="3.12" y="-2.279065646539216" rotation="90.0" />
<Block type="RectFat" material="ice" x="3.1330892846693006" y="-3.033009202184367" rotation="90.0" />
</GameObjects>
</Level>
