<?xml version="1.0" encoding="utf-16"?>
<Level width ="2">
<Camera x="0" y="2" minWidth="20" maxWidth="30">
<Birds>
<Bird type="BirdRed"/>
<Bird type="BirdRed"/>
<Bird type="BirdRed"/>
</Birds>
<Slingshot x="-8" y="-2.5">
<GameObjects>
<Block type="RectBig" material="stone" x="1.8500053939998964" y="-2.0" rotation="90.0" />
<Block type="RectMedium" material="stone" x="0.3656336050995151" y="-2.2574988493799606" rotation="90.0" />
<Block type="RectMedium" material="stone" x="2.325551920832853" y="-0.6406861199957576" rotation="0.0" />
<Block type="RectSmall" material="stone" x="0.2735011768846712" y="-0.9577151687334866" rotation="45.0" />
<Block type="RectSmall" material="stone" x="0.842609639730184" y="-0.7286282519595856" rotation="-45.0" />
<Block type="RectSmall" material="stone" x="0.6114512698632032" y="-1.3" rotation="0.0" />
<Block type="RectSmall" material="stone" x="0.8555529509328181" y="-2.15" rotation="0.0" />
<Block type="RectSmall" material="stone" x="0.73" y="-1.73" rotation="45.0" />
<Block type="RectSmall" material="stone" x="1.1253183714631652" y="-1.5745477674581285" rotation="90.0" />
<Block type="RectSmall" material="stone" x="0.7980126640219353" y="-2.6975835132449038" rotation="30.0" />
<Block type="RectSmall" material="stone" x="2.34" y="-1.135471642134276" rotation="0.0" />
<Block type="RectSmall" material="stone" x="2.2685555724486233" y="-1.97" rotation="0.0" />
<Block type="RectSmall" material="stone" x="2.2629303324115355" y="-2.144553489563876" rotation="0.0" />
<Block type="RectSmall" material="stone" x="2.2354317148792475" y="-2.968976534635851" rotation="0.0" />
<Block type="RectSmall" material="stone" x="2.7365618813922175" y="-1.4582369243089388" rotation="90.0" />
<Block type="RectSmall" material="stone" x="2.83" y="-2.6404286278180433" rotation="90.0" />
<Block type="SquareTiny" material="stone" x="0.6555716922894501" y="-1.1063421697506772" rotation="0.0" />
<Block type="SquareTiny" material="stone" x="2.290666357484141" y="-0.41" rotation="0.0" />
<Block type="RectMedium" material="ice" x="2.416846800955204" y="-0.8686636395019918" rotation="0.0" />
<Block type="RectFat" material="ice" x="0.5581263044917012" y="-3.289723212312711" rotation="0.0" />
<Block type="RectFat" material="ice" x="1.27" y="-3.06" rotation="90.0" />
<Block type="RectFat" material="ice" x="1.860899408278469" y="-3.27" rotation="0.0" />
<Block type="RectFat" material="ice" x="2.789851592162492" y="-3.243955657429263" rotation="0.0" />
</GameObjects>
</Level>
