<?xml version="1.0" encoding="utf-16"?>
<Level width ="2">
<Camera x="0" y="2" minWidth="20" maxWidth="30">
<Birds>
<Bird type="BirdRed"/>
<Bird type="BirdRed"/>
<Bird type="BirdRed"/>
</Birds>
<Slingshot x="-8" y="-2.5">
<GameObjects>
<Block type="RectBig" material="stone" x="1.8957995953457962" y="-1.9859689435166248" rotation="90.0" />
<Block type="RectMedium" material="stone" x="0.34009393520981857" y="-2.25" rotation="90.0" />
<Block type="RectMedium" material="stone" x="2.3546475037578" y="-0.695764641413273" rotation="0.0" />
<Block type="RectSmall" material="stone" x="0.34833824342292496" y="-0.9280668251503797" rotation="45.0" />
<Block type="RectSmall" material="stone" x="0.902635416123206" y="-0.8220112638768919" rotation="-45.0" />
<Block type="RectSmall" material="stone" x="0.6226697645960327" y="-1.3" rotation="0.0" />
<Block type="RectSmall" material="stone" x="0.8828127777404956" y="-2.150452963801432" rotation="0.0" />
<Block type="RectSmall" material="stone" x="0.6981450457186351" y="-1.6480839478679328" rotation="45.0" />
<Block type="RectSmall" material="stone" x="1.1270232969081748" y="-1.65" rotation="90.0" />
<Block type="RectSmall" material="stone" x="0.81" y="-2.712430129737063" rotation="30.0" />
<Block type="RectSmall" material="stone" x="2.34" y="-1.074408979853388" rotation="0.0" />
<Block type="RectSmall" material="stone" x="2.33" y="-1.9955744734459842" rotation="0.0" />
<Block type="RectSmall" material="stone" x="2.31" y="-2.0826392972092753" rotation="0.0" />
<Block type="RectSmall" material="stone" x="2.268075018256525" y="-2.9513974928138227" rotation="0.0" />
<Block type="RectSmall" material="stone" x="2.77" y="-1.457080657890234" rotation="90.0" />
<Block type="RectSmall" material="stone" x="2.7918576432404545" y="-2.593944433083803" rotation="90.0" />
<Block type="SquareTiny" material="stone" x="0.6886374160860738" y="-1.0607521771290194" rotation="0.0" />
<Block type="SquareTiny" material="stone" x="2.37582155351961" y="-0.379329330044101" rotation="0.0" />
<Block type="RectMedium" material="ice" x="2.34" y="-0.8683571185198797" rotation="0.0" />
<Block type="RectFat" material="ice" x="0.59" y="-3.2605314042103832" rotation="0.0" />
<Block type="RectFat" material="ice" x="1.1767926573499323" y="-3.031670704362372" rotation="90.0" />
<Block type="RectFat" material="ice" x="1.882369604461797" y="-3.287096904635002" rotation="0.0" />
<Block type="RectFat" material="ice" x="2.7919129896401125" y="-3.3159729518239494" rotation="0.0" />
</GameObjects>
</Level>
