<?xml version="1.0" encoding="utf-16"?>
<Level width ="2">
<Camera x="0" y="2" minWidth="20" maxWidth="30">
<Birds>
<Bird type="BirdRed"/>
<Bird type="BirdRed"/>
<Bird type="BirdRed"/>
</Birds>
<Slingshot x="-8" y="-2.5">
<GameObjects>
<Block type="RectBig" material="stone" x="1.8213152513160569" y="-2.1495477311000477" rotation="90.0" />
<Block type="RectMedium" material="stone" x="0.31158797401128385" y="-2.1802176371639437" rotation="90.0" />
<Block type="RectMedium" material="stone" x="2.2667846116835206" y="-0.683984686896586" rotation="0.0" />
<Block type="RectSmall" material="stone" x="0.32375596491590514" y="-0.9409573300862948" rotation="45.0" />
<Block type="RectSmall" material="stone" x="0.8456265157689598" y="-0.8646156701891383" rotation="-45.0" />
<Block type="RectSmall" material="stone" x="0.742139392178191" y="-1.268129147756965" rotation="0.0" />
<Block type="RectSmall" material="stone" x="0.8067104788631388" y="-2.3263995006745772" rotation="0.0" />
<Block type="RectSmall" material="stone" x="0.7361513576202244" y="-1.7288746299579134" rotation="45.0" />
<Block type="RectSmall" material="stone" x="1.171318567684917" y="-1.622969498777964" rotation="90.0" />
<Block type="RectSmall" material="stone" x="0.8476010708003544" y="-2.6685623331172286" rotation="30.0" />
<Block type="RectSmall" material="stone" x="2.365245078177011" y="-1.091468160339254" rotation="0.0" />
<Block type="RectSmall" material="stone" x="2.3289750412907955" y="-1.97" rotation="0.0" />
<Block type="RectSmall" material="stone" x="2.336554794721618" y="-2.193606938251886" rotation="0.0" />
<Block type="RectSmall" material="stone" x="2.3677185169507067" y="-2.911981974217241" rotation="0.0" />
<Block type="RectSmall" material="stone" x="2.7408333935586393" y="-1.3939666754745303" rotation="90.0" />
<Block type="RectSmall" material="stone" x="2.8938475983779615" y="-2.6253529126398436" rotation="90.0" />
<Block type="SquareTiny" material="stone" x="0.6110970702994972" y="-0.9828138902924907" rotation="0.0" />
<Block type="SquareTiny" material="stone" x="2.307549864285751" y="-0.29200923383160093" rotation="0.0" />
<Block type="RectMedium" material="ice" x="2.5488356894329636" y="-0.9331110859935148" rotation="0.0" />
<Block type="RectFat" material="ice" x="0.7042254386055697" y="-3.195716591014326" rotation="0.0" />
<Block type="RectFat" material="ice" x="1.3013966776330883" y="-3.1420196129447127" rotation="90.0" />
<Block type="RectFat" material="ice" x="1.9372664520148426" y="-3.1745437070883997" rotation="0.0" />
<Block type="RectFat" material="ice" x="2.81" y="-3.2626075387564555" rotation="0.0" />
</GameObjects>
</Level>
