<?xml version="1.0" encoding="utf-16"?>
<Level width ="2">
<Camera x="0" y="2" minWidth="20" maxWidth="30">
<Birds>
<Bird type="BirdRed"/>
<Bird type="BirdRed"/>
<Bird type="BirdRed"/>
</Birds>
<Slingshot x="-8" y="-2.5">
<GameObjects>
<Block type="RectBig" material="stone" x="2.249249299332913" y="-3.1577843280300564" rotation="0.0" />
<Block type="RectMedium" material="stone" x="2.1485454394665275" y="-1.953400908757102" rotation="0.0" />
<Block type="RectMedium" material="stone" x="0.93" y="-2.65082478794384" rotation="90.0" />
<Block type="SquareTiny" material="stone" x="0.841053041829967" y="-1.046663840199244" rotation="0.0" />
<Block type="RectSmall" material="stone" x="2.168897566480029" y="-1.4553196188670792" rotation="90.0" />
<Block type="RectSmall" material="stone" x="1.9381710256152664" y="-2.4368004227999114" rotation="90.0" />
<Block type="RectSmall" material="stone" x="0.8854304055276582" y="-1.282544777569518" rotation="0.0" />
<Block type="RectSmall" material="stone" x="0.7614175822270071" y="-1.6507340288297074" rotation="-135.0" />
<Block type="RectBig" material="ice" x="1.7009348407514562" y="-2.034254536839718" rotation="90.0" />
<Block type="RectSmall" material="ice" x="0.5175639575248692" y="-3.304988296847344" rotation="0.0" />
<Block type="RectFat" material="ice" x="1.3380295394299957" y="-3.2897918188790416" rotation="0.0" />
<Block type="RectFat" material="ice" x="2.9512281213363667" y="-3.2553771688064583" rotation="0.0" />
</GameObjects>
</Level>
