<?xml version="1.0" encoding="utf-16"?>
<Level width ="2">
<Camera x="0" y="2" minWidth="20" maxWidth="30">
<Birds>
<Bird type="BirdRed"/>
<Bird type="BirdRed"/>
<Bird type="BirdRed"/>
</Birds>
<Slingshot x="-8" y="-2.5">
<GameObjects>
<Block type="RectBig" material="stone" x="1.5944703184430504" y="-2.0" rotation="90.0" />
<Block type="RectMedium" material="stone" x="0.3106740041715479" y="-2.2286877488185652" rotation="90.0" />
<Block type="RectMedium" material="stone" x="2.2285161597083505" y="-0.6822504055876603" rotation="0.0" />
<Block type="RectSmall" material="stone" x="0.31152300955418805" y="-1.0496567280285412" rotation="45.0" />
<Block type="RectSmall" material="stone" x="0.9470195447323085" y="-0.7571586809354544" rotation="-45.0" />
<Block type="RectSmall" material="stone" x="0.7319349380163356" y="-1.2927571053965194" rotation="0.0" />
<Block type="RectSmall" material="stone" x="0.7872095169838783" y="-2.168216318548078" rotation="0.0" />
<Block type="RectSmall" material="stone" x="0.73" y="-1.7324847997995358" rotation="45.0" />
<Block type="RectSmall" material="stone" x="1.149523600870979" y="-1.5382014525158276" rotation="90.0" />
<Block type="RectSmall" material="stone" x="0.8820297403337558" y="-2.796026910254513" rotation="30.0" />
<Block type="RectSmall" material="stone" x="2.33773054369378" y="-1.04" rotation="0.0" />
<Block type="RectSmall" material="stone" x="2.460996509279948" y="-2.018465655512849" rotation="0.0" />
<Block type="RectSmall" material="stone" x="2.321408151630547" y="-2.222517300186702" rotation="0.0" />
<Block type="RectSmall" material="stone" x="2.3075107636112504" y="-2.9297829824971577" rotation="0.0" />
<Block type="RectSmall" material="stone" x="2.6891537184810916" y="-1.4720556205151394" rotation="90.0" />
<Block type="RectSmall" material="stone" x="2.7735314783965697" y="-2.5893184059227004" rotation="90.0" />
<Block type="SquareTiny" material="stone" x="0.67" y="-1.1020758818890346" rotation="0.0" />
<Block type="SquareTiny" material="stone" x="2.325308867842583" y="-0.41" rotation="0.0" />
<Block type="RectMedium" material="ice" x="2.384340246021062" y="-0.7675711161445038" rotation="0.0" />
<Block type="RectFat" material="ice" x="0.49101062845682664" y="-3.322182267034356" rotation="0.0" />
<Block type="RectFat" material="ice" x="1.2831536998105337" y="-3.073880145216405" rotation="90.0" />
<Block type="RectFat" material="ice" x="1.8345996425623483" y="-3.2236122092975297" rotation="0.0" />
<Block type="RectFat" material="ice" x="2.680538662449551" y="-3.3627219085881785" rotation="0.0" />
</GameObjects>
</Level>
