<?xml version="1.0" encoding="utf-16"?>
<Level width ="2">
<Camera x="0" y="2" minWidth="20" maxWidth="30">
<Birds>
<Bird type="BirdRed"/>
<Bird type="BirdRed"/>
<Bird type="BirdRed"/>
</Birds>
<Slingshot x="-8" y="-2.5">
<GameObjects>
<Block type="RectBig" material="stone" x="1.76" y="-1.9155986189363163" rotation="90.0" />
<Block type="RectMedium" material="stone" x="0.31" y="-2.25" rotation="90.0" />
<Block type="RectMedium" material="stone" x="2.329813206681366" y="-0.713589700831358" rotation="0.0" />
<Block type="RectSmall" material="stone" x="0.33" y="-0.95" rotation="45.0" />
<Block type="RectSmall" material="stone" x="0.9081269640930308" y="-0.7624804307557134" rotation="-45.0" />
<Block type="RectSmall" material="stone" x="0.66" y="-1.319525290456839" rotation="0.0" />
<Block type="RectSmall" material="stone" x="0.82" y="-2.160876544281967" rotation="0.0" />
<Block type="RectSmall" material="stone" x="0.7099270264334089" y="-1.7980152255405994" rotation="45.0" />
<Block type="RectSmall" material="stone" x="1.18024452359557" y="-1.763114202687662" rotation="90.0" />
<Block type="RectSmall" material="stone" x="0.8907695288208188" y="-2.74" rotation="30.0" />
<Block type="RectSmall" material="stone" x="2.3565823748780206" y="-1.04" rotation="0.0" />
<Block type="RectSmall" material="stone" x="2.33" y="-1.963215253358045" rotation="0.0" />
<Block type="RectSmall" material="stone" x="2.31" y="-2.203690502189627" rotation="0.0" />
<Block type="RectSmall" material="stone" x="2.304864683330739" y="-2.9145614482145508" rotation="0.0" />
<Block type="RectSmall" material="stone" x="2.7740114196790806" y="-1.4010793481842883" rotation="90.0" />
<Block type="RectSmall" material="stone" x="2.854420022521294" y="-2.5612374621383354" rotation="90.0" />
<Block type="SquareTiny" material="stone" x="0.7072385007439562" y="-1.09" rotation="0.0" />
<Block type="SquareTiny" material="stone" x="2.3" y="-0.252219365587502" rotation="0.0" />
<Block type="RectMedium" material="ice" x="2.3396920342441785" y="-0.85" rotation="0.0" />
<Block type="RectFat" material="ice" x="0.59" y="-3.2170703691278533" rotation="0.0" />
<Block type="RectFat" material="ice" x="1.27" y="-3.0476876769460297" rotation="90.0" />
<Block type="RectFat" material="ice" x="1.8780950424489282" y="-3.27" rotation="0.0" />
<Block type="RectFat" material="ice" x="2.73714501835778" y="-3.2489547937052827" rotation="0.0" />
</GameObjects>
</Level>
