<?xml version="1.0" encoding="utf-16"?>
<Level width ="2">
<Camera x="0" y="2" minWidth="20" maxWidth="30">
<Birds>
<Bird type="BirdRed"/>
<Bird type="BirdRed"/>
<Bird type="BirdRed"/>
</Birds>
<Slingshot x="-8" y="-2.5">
<GameObjects>
<Block type="RectBig" material="stone" x="1.7965113719016386" y="-2.095220384426904" rotation="90.0" />
<Block type="RectMedium" material="stone" x="0.2428302606366448" y="-2.329981807123887" rotation="90.0" />
<Block type="RectMedium" material="stone" x="2.354926074473127" y="-0.8073158229786379" rotation="0.0" />
<Block type="RectSmall" material="stone" x="0.36207110407578913" y="-1.1028540927478427" rotation="45.0" />
<Block type="RectSmall" material="stone" x="0.8608046546902962" y="-0.810679702340046" rotation="-45.0" />
<Block type="RectSmall" material="stone" x="0.6059867287688677" y="-1.292902119773009" rotation="0.0" />
<Block type="RectSmall" material="stone" x="0.82" y="-2.15" rotation="0.0" />
<Block type="RectSmall" material="stone" x="0.8173778943558921" y="-1.7176696773616995" rotation="45.0" />
<Block type="RectSmall" material="stone" x="1.137391406261084" y="-1.7714518960446313" rotation="90.0" />
<Block type="RectSmall" material="stone" x="0.8549993052704208" y="-2.74" rotation="30.0" />
<Block type="RectSmall" material="stone" x="2.4067545504030825" y="-1.04" rotation="0.0" />
<Block type="RectSmall" material="stone" x="2.28976579724869" y="-2.0331135524188735" rotation="0.0" />
<Block type="RectSmall" material="stone" x="2.2326476434354188" y="-2.24" rotation="0.0" />
<Block type="RectSmall" material="stone" x="2.313188023292583" y="-2.959993034811113" rotation="0.0" />
<Block type="RectSmall" material="stone" x="2.6984382975905232" y="-1.49" rotation="90.0" />
<Block type="RectSmall" material="stone" x="2.8004137154036215" y="-2.658405291535548" rotation="90.0" />
<Block type="SquareTiny" material="stone" x="0.7294279637696748" y="-1.1748180213248913" rotation="0.0" />
<Block type="SquareTiny" material="stone" x="2.3" y="-0.42037056540282536" rotation="0.0" />
<Block type="RectMedium" material="ice" x="2.391747756582383" y="-0.9027499326635711" rotation="0.0" />
<Block type="RectFat" material="ice" x="0.4821946396587224" y="-3.1947164365439837" rotation="0.0" />
<Block type="RectFat" material="ice" x="1.2285529692122796" y="-3.118852165447053" rotation="90.0" />
<Block type="RectFat" material="ice" x="1.93" y="-3.2897170134708897" rotation="0.0" />
<Block type="RectFat" material="ice" x="2.8080496302021403" y="-3.2839498317554505" rotation="0.0" />
</GameObjects>
</Level>
