<?xml version="1.0" encoding="utf-16"?>
<Level width ="2">
<Camera x="0" y="2" minWidth="20" maxWidth="30">
<Birds>
<Bird type="BirdRed"/>
<Bird type="BirdRed"/>
<Bird type="BirdRed"/>
</Birds>
<Slingshot x="-8" y="-2.5">
<GameObjects>
<Block type="RectBig" material="stone" x="2.1703979309243646" y="-2.9537624084345535" rotation="0.0" />
<Block type="RectMedium" material="stone" x="2.12" y="-1.92" rotation="0.0" />
<Block type="RectMedium" material="stone" x="0.9323153197933376" y="-2.7137321620107304" rotation="90.0" />
<Block type="SquareTiny" material="stone" x="0.9109627144336073" y="-1.0819056063756152" rotation="0.0" />
<Block type="RectSmall" material="stone" x="2.11" y="-1.357357222168944" rotation="90.0" />
<Block type="RectSmall" material="stone" x="2.11" y="-2.45" rotation="90.0" />
<Block type="RectSmall" material="stone" x="0.8308628361194523" y="-1.28" rotation="0.0" />
<Block type="RectSmall" material="stone" x="0.7632708835446051" y="-1.65643118636424" rotation="-135.0" />
<Block type="RectBig" material="ice" x="1.7197267503273017" y="-2.034328164643499" rotation="90.0" />
<Block type="RectSmall" material="ice" x="0.3160860272897299" y="-3.3236838207724806" rotation="0.0" />
<Block type="RectFat" material="ice" x="1.3581730391484128" y="-3.2933572877519723" rotation="0.0" />
<Block type="RectFat" material="ice" x="2.78" y="-3.27" rotation="0.0" />
</GameObjects>
</Level>
