<?xml version="1.0" encoding="utf-16"?>
<Level width ="2">
<Camera x="0" y="2" minWidth="20" maxWidth="30">
<Birds>
<Bird type="BirdRed"/>
<Bird type="BirdRed"/>
<Bird type="BirdRed"/>
</Birds>
<Slingshot x="-8" y="-2.5">
<GameObjects>
<Block type="RectBig" material="stone" x="1.76" y="-2.043464484229487" rotation="90.0" />
<Block type="RectMedium" material="stone" x="0.2551944632579761" y="-2.260228619045453" rotation="90.0" />
<Block type="RectMedium" material="stone" x="2.2608415710983034" y="-0.6579836749969331" rotation="0.0" />
<Block type="RectSmall" material="stone" x="0.3343898811257879" y="-0.95" rotation="45.0" />
<Block type="RectSmall" material="stone" x="0.950019156549304" y="-0.77" rotation="-45.0" />
<Block type="RectSmall" material="stone" x="0.7041268815794335" y="-1.3" rotation="0.0" />
<Block type="RectSmall" material="stone" x="0.82" y="-2.191860646159484" rotation="0.0" />
<Block type="RectSmall" material="stone" x="0.73" y="-1.7213299355124236" rotation="45.0" />
<Block type="RectSmall" material="stone" x="1.207124151843108" y="-1.7281218598132044" rotation="90.0" />
<Block type="RectSmall" material="stone" x="0.8015553847530538" y="-2.74" rotation="30.0" />
<Block type="RectSmall" material="stone" x="2.3864232029784747" y="-1.1347647539152175" rotation="0.0" />
<Block type="RectSmall" material="stone" x="2.3304097263871015" y="-1.97" rotation="0.0" />
<Block type="RectSmall" material="stone" x="2.3240653977865073" y="-2.2172836738623922" rotation="0.0" />
<Block type="RectSmall" material="stone" x="2.32" y="-2.9871419773183363" rotation="0.0" />
<Block type="RectSmall" material="stone" x="2.77" y="-1.4039050005795428" rotation="90.0" />
<Block type="RectSmall" material="stone" x="2.81701857810246" y="-2.6272156434512035" rotation="90.0" />
<Block type="SquareTiny" material="stone" x="0.67" y="-1.09" rotation="0.0" />
<Block type="SquareTiny" material="stone" x="2.274655852899197" y="-0.4295972898951336" rotation="0.0" />
<Block type="RectMedium" material="ice" x="2.34" y="-0.9143684232109371" rotation="0.0" />
<Block type="RectFat" material="ice" x="0.6130186095376254" y="-3.27" rotation="0.0" />
<Block type="RectFat" material="ice" x="1.3408506908234843" y="-3.0203311258275" rotation="90.0" />
<Block type="RectFat" material="ice" x="1.9769510478242076" y="-3.27" rotation="0.0" />
<Block type="RectFat" material="ice" x="2.782779337665661" y="-3.27" rotation="0.0" />
</GameObjects>
</Level>
