<?xml version="1.0" encoding="utf-16"?>
<Level width ="2">
<Camera x="0" y="2" minWidth="20" maxWidth="30">
<Birds>
<Bird type="BirdRed"/>
<Bird type="BirdRed"/>
<Bird type="BirdRed"/>
</Birds>
<Slingshot x="-8" y="-2.5">
<GameObjects>
<Block type="RectBig" material="stone" x="1.76" y="-2.0" rotation="90.0" />
<Block type="RectMedium" material="stone" x="0.3031481018870918" y="-2.25" rotation="90.0" />
<Block type="RectMedium" material="stone" x="2.32" y="-0.64" rotation="0.0" />
<Block type="RectSmall" material="stone" x="0.4241046062191287" y="-1.0095174225691574" rotation="45.0" />
<Block type="RectSmall" material="stone" x="0.92" y="-0.8690993040659762" rotation="-45.0" />
<Block type="RectSmall" material="stone" x="0.66" y="-1.3" rotation="0.0" />
<Block type="RectSmall" material="stone" x="0.8804553997149581" y="-2.15" rotation="0.0" />
<Block type="RectSmall" material="stone" x="0.7719911052994497" y="-1.73" rotation="45.0" />
<Block type="RectSmall" material="stone" x="1.1511895114893922" y="-1.6120112969944975" rotation="90.0" />
<Block type="RectSmall" material="stone" x="0.833347529640995" y="-2.7622168753370255" rotation="30.0" />
<Block type="RectSmall" material="stone" x="2.336280729298293" y="-1.04" rotation="0.0" />
<Block type="RectSmall" material="stone" x="2.33" y="-1.9500360910292276" rotation="0.0" />
<Block type="RectSmall" material="stone" x="2.31" y="-2.1959474328907693" rotation="0.0" />
<Block type="RectSmall" material="stone" x="2.32" y="-2.9127103981754408" rotation="0.0" />
<Block type="RectSmall" material="stone" x="2.77" y="-1.4298296009629374" rotation="90.0" />
<Block type="RectSmall" material="stone" x="2.83" y="-2.6332428865656743" rotation="90.0" />
<Block type="SquareTiny" material="stone" x="0.5761960731630545" y="-1.1013619002073927" rotation="0.0" />
<Block type="SquareTiny" material="stone" x="2.234874269131754" y="-0.3316335123100721" rotation="0.0" />
<Block type="RectMedium" material="ice" x="2.40261379181895" y="-0.8931341672990567" rotation="0.0" />
<Block type="RectFat" material="ice" x="0.6338750920320232" y="-3.340077408849221" rotation="0.0" />
<Block type="RectFat" material="ice" x="1.1839771045016332" y="-3.0402198510417278" rotation="90.0" />
<Block type="RectFat" material="ice" x="1.9834782402246758" y="-3.2930820964626624" rotation="0.0" />
<Block type="RectFat" material="ice" x="2.8575914743366155" y="-3.2616915390815775" rotation="0.0" />
</GameObjects>
</Level>
