<?xml version="1.0" encoding="utf-16"?>
<Level width ="2">
<Camera x="0" y="2" minWidth="20" maxWidth="30">
<Birds>
<Bird type="BirdRed"/>
<Bird type="BirdRed"/>
<Bird type="BirdRed"/>
</Birds>
<Slingshot x="-8" y="-2.5">
<GameObjects>
<Block type="RectBig" material="stone" x="1.850882122880645" y="-1.9830185976823744" rotation="90.0" />
<Block type="RectMedium" material="stone" x="0.40926889866670446" y="-2.2151694656840197" rotation="90.0" />
<Block type="RectMedium" material="stone" x="2.3314627420956553" y="-0.6658402747491012" rotation="0.0" />
<Block type="RectSmall" material="stone" x="0.3566584302498204" y="-1.0337560065769305" rotation="45.0" />
<Block type="RectSmall" material="stone" x="0.9983659255816747" y="-0.7489197728646664" rotation="-45.0" />
<Block type="RectSmall" material="stone" x="0.66" y="-1.2571183811219788" rotation="0.0" />
<Block type="RectSmall" material="stone" x="0.8097013630081799" y="-2.186088052463758" rotation="0.0" />
<Block type="RectSmall" material="stone" x="0.7528470554993165" y="-1.7696625919205733" rotation="45.0" />
<Block type="RectSmall" material="stone" x="1.2726323571760096" y="-1.62730269184518" rotation="90.0" />
<Block type="RectSmall" material="stone" x="0.8257144695210498" y="-2.7082219473508298" rotation="30.0" />
<Block type="RectSmall" material="stone" x="2.3349589252876384" y="-1.1048579711623925" rotation="0.0" />
<Block type="RectSmall" material="stone" x="2.3434523298556074" y="-2.0034346927027102" rotation="0.0" />
<Block type="RectSmall" material="stone" x="2.3284840167066347" y="-2.227445074759221" rotation="0.0" />
<Block type="RectSmall" material="stone" x="2.2864085171667754" y="-2.947283824637324" rotation="0.0" />
<Block type="RectSmall" material="stone" x="2.7366144949208535" y="-1.49" rotation="90.0" />
<Block type="RectSmall" material="stone" x="2.7449218969984703" y="-2.542825464038659" rotation="90.0" />
<Block type="SquareTiny" material="stone" x="0.7642282287626808" y="-1.1537672680646653" rotation="0.0" />
<Block type="SquareTiny" material="stone" x="2.3" y="-0.40278319022319486" rotation="0.0" />
<Block type="RectMedium" material="ice" x="2.2468472914661723" y="-0.8861365241671575" rotation="0.0" />
<Block type="RectFat" material="ice" x="0.5326827588204631" y="-3.2973125838865434" rotation="0.0" />
<Block type="RectFat" material="ice" x="1.1519803803163868" y="-3.059160997241888" rotation="90.0" />
<Block type="RectFat" material="ice" x="1.9900350115583978" y="-3.22739547095956" rotation="0.0" />
<Block type="RectFat" material="ice" x="2.798162822374847" y="-3.3927484217327244" rotation="0.0" />
</GameObjects>
</Level>
