<?xml version="1.0" encoding="utf-16"?>
<Level width ="2">
<Camera x="0" y="2" minWidth="20" maxWidth="30">
<Birds>
<Bird type="BirdRed"/>
<Bird type="BirdRed"/>
<Bird type="BirdRed"/>
</Birds>
<Slingshot x="-8" y="-2.5">
<GameObjects>
<Block type="RectBig" material="stone" x="1.5344841166931216" y="-1.9986662512667548" rotation="90.0" />
<Block type="RectMedium" material="stone" x="0.3838296365762289" y="-2.24648199679995" rotation="90.0" />
<Block type="RectMedium" material="stone" x="2.3553153277234355" y="-0.7049459684830258" rotation="0.0" />
<Block type="RectSmall" material="stone" x="0.37189960685035783" y="-0.9765484276656772" rotation="45.0" />
<Block type="RectSmall" material="stone" x="0.7755233862778393" y="-0.7963067282193477" rotation="-45.0" />
<Block type="RectSmall" material="stone" x="0.6827832413442003" y="-1.401635935731946" rotation="0.0" />
<Block type="RectSmall" material="stone" x="0.7421309721432446" y="-2.202068163572288" rotation="0.0" />
<Block type="RectSmall" material="stone" x="0.7777923569801617" y="-1.8032569085154226" rotation="45.0" />
<Block type="RectSmall" material="stone" x="1.2110030109091485" y="-1.6497790229722327" rotation="90.0" />
<Block type="RectSmall" material="stone" x="0.8345213349583743" y="-2.7730753270652335" rotation="30.0" />
<Block type="RectSmall" material="stone" x="2.4247955659818685" y="-1.089558881345351" rotation="0.0" />
<Block type="RectSmall" material="stone" x="2.457615260914985" y="-1.9632298555520995" rotation="0.0" />
<Block type="RectSmall" material="stone" x="2.298270554204929" y="-2.1385081529239924" rotation="0.0" />
<Block type="RectSmall" material="stone" x="2.220859258522189" y="-2.9665542503542666" rotation="0.0" />
<Block type="RectSmall" material="stone" x="2.752319438578297" y="-1.4675247581965294" rotation="90.0" />
<Block type="RectSmall" material="stone" x="2.844196284427117" y="-2.572929397977399" rotation="90.0" />
<Block type="SquareTiny" material="stone" x="0.5391296624851748" y="-1.1305306339187122" rotation="0.0" />
<Block type="SquareTiny" material="stone" x="2.3626448005680745" y="-0.6353500193433197" rotation="0.0" />
<Block type="RectMedium" material="ice" x="2.409542289541525" y="-0.8270546222887966" rotation="0.0" />
<Block type="RectFat" material="ice" x="0.5227789087681122" y="-3.2164098409280193" rotation="0.0" />
<Block type="RectFat" material="ice" x="1.2443081540537246" y="-3.0224265976425664" rotation="90.0" />
<Block type="RectFat" material="ice" x="2.127339563139944" y="-3.442844773236265" rotation="0.0" />
<Block type="RectFat" material="ice" x="2.8529515837299457" y="-3.2414299997211686" rotation="0.0" />
</GameObjects>
</Level>
