<?xml version="1.0" encoding="utf-16"?>
<Level width ="2">
<Camera x="0" y="2" minWidth="20" maxWidth="30">
<Birds>
<Bird type="BirdRed"/>
<Bird type="BirdRed"/>
<Bird type="BirdRed"/>
</Birds>
<Slingshot x="-8" y="-2.5">
<GameObjects>
<Block type="RectBig" material="stone" x="1.76" y="-2.0270511916517178" rotation="90.0" />
<Block type="RectMedium" material="stone" x="0.33250359072757496" y="-2.3435623530796157" rotation="90.0" />
<Block type="RectMedium" material="stone" x="2.2921481535335824" y="-0.7563802316428713" rotation="0.0" />
<Block type="RectSmall" material="stone" x="0.2813322456071911" y="-0.8756669659298056" rotation="45.0" />
<Block type="RectSmall" material="stone" x="0.9365987938532222" y="-0.8900986215165557" rotation="-45.0" />
<Block type="RectSmall" material="stone" x="0.6370157595264413" y="-1.3338890123383573" rotation="0.0" />
<Block type="RectSmall" material="stone" x="0.9284934813801426" y="-2.2007727111144817" rotation="0.0" />
<Block type="RectSmall" material="stone" x="0.6727939602882834" y="-1.7343904766486617" rotation="45.0" />
<Block type="RectSmall" material="stone" x="1.1414980772596317" y="-1.624607072587087" rotation="90.0" />
<Block type="RectSmall" material="stone" x="0.81" y="-2.743360066016367" rotation="30.0" />
<Block type="RectSmall" material="stone" x="2.3364426999408154" y="-1.1299960672447662" rotation="0.0" />
<Block type="RectSmall" material="stone" x="2.33" y="-1.97" rotation="0.0" />
<Block type="RectSmall" material="stone" x="2.512142412066466" y="-2.1993685906767135" rotation="0.0" />
<Block type="RectSmall" material="stone" x="2.2764193731661413" y="-2.915526708014149" rotation="0.0" />
<Block type="RectSmall" material="stone" x="2.8052951011855685" y="-1.5151654921645548" rotation="90.0" />
<Block type="RectSmall" material="stone" x="2.84997991940482" y="-2.5740550460914817" rotation="90.0" />
<Block type="SquareTiny" material="stone" x="0.7568739322107598" y="-1.1153942981822813" rotation="0.0" />
<Block type="SquareTiny" material="stone" x="2.2103896941286445" y="-0.46222417447364095" rotation="0.0" />
<Block type="RectMedium" material="ice" x="2.319953003092944" y="-0.85" rotation="0.0" />
<Block type="RectFat" material="ice" x="0.6042420135454729" y="-3.3367811664469462" rotation="0.0" />
<Block type="RectFat" material="ice" x="1.3242996982020103" y="-3.0365732940572725" rotation="90.0" />
<Block type="RectFat" material="ice" x="1.884529430574326" y="-3.230542524990421" rotation="0.0" />
<Block type="RectFat" material="ice" x="2.690847874230504" y="-3.293058736118757" rotation="0.0" />
</GameObjects>
</Level>
