<?xml version="1.0" encoding="utf-16"?>
<Level width ="2">
<Camera x="0" y="2" minWidth="20" maxWidth="30">
<Birds>
<Bird type="BirdRed"/>
<Bird type="BirdRed"/>
<Bird type="BirdRed"/>
</Birds>
<Slingshot x="-8" y="-2.5">
<GameObjects>
<Block type="RectBig" material="stone" x="2.2814251083450965" y="-3.1577843280300564" rotation="0.0" />
<Block type="RectMedium" material="stone" x="2.148832749880627" y="-2.168617253958355" rotation="0.0" />
<Block type="RectMedium" material="stone" x="0.9220312031659371" y="-2.6093467231484397" rotation="90.0" />
<Block type="SquareTiny" material="stone" x="0.8871993915382586" y="-1.0066949066283173" rotation="0.0" />
<Block type="RectSmall" material="stone" x="2.1627656040235164" y="-1.4109826261069052" rotation="90.0" />
<Block type="RectSmall" material="stone" x="1.9005766272846747" y="-2.373176106807686" rotation="90.0" />
<Block type="RectSmall" material="stone" x="0.9458655460653579" y="-1.3274343980483376" rotation="0.0" />
<Block type="RectSmall" material="stone" x="0.9524548809426187" y="-1.70420291389128" rotation="-135.0" />
<Block type="RectBig" material="ice" x="1.7009348407514562" y="-2.1153281477693824" rotation="90.0" />
<Block type="RectSmall" material="ice" x="0.5305944268019812" y="-3.402931362670349" rotation="0.0" />
<Block type="RectFat" material="ice" x="1.4265283697791464" y="-3.311946512462679" rotation="0.0" />
<Block type="RectFat" material="ice" x="2.9475673430319627" y="-3.2513994897834775" rotation="0.0" />
</GameObjects>
</Level>
