<?xml version="1.0" encoding="utf-16"?>
<Level width ="2">
<Camera x="0" y="2" minWidth="20" maxWidth="30">
<Birds>
<Bird type="BirdRed"/>
<Bird type="BirdRed"/>
<Bird type="BirdRed"/>
</Birds>
<Slingshot x="-8" y="-2.5">
<GameObjects>
<Block type="RectBig" material="stone" x="1.75" y="-1.27" rotation="0.0" />
<Block type="RectMedium" material="stone" x="1.75" y="-1.93" rotation="0.0" />
<Block type="RectMedium" material="stone" x="2.06" y="-2.94" rotation="0.0" />
<Block type="SquareTiny" material="stone" x="1.75" y="-1.7" rotation="0.0" />
<Block type="SquareTiny" material="stone" x="1.7732231364771731" y="-1.4646012597455034" rotation="0.0" />
<Block type="SquareTiny" material="stone" x="1.75" y="-1.07" rotation="0.0" />
<Block type="SquareTiny" material="stone" x="1.75" y="-0.88" rotation="0.0" />
<Block type="RectSmall" material="stone" x="0.53" y="-2.65" rotation="60.0" />
<Block type="RectSmall" material="stone" x="1.0" y="-2.65" rotation="-60.0" />
<Block type="RectSmall" material="stone" x="1.9920489374714492" y="-2.54" rotation="-30.0" />
<Block type="RectSmall" material="stone" x="2.92" y="-2.65" rotation="-60.0" />
<Block type="RectBig" material="ice" x="1.75" y="-2.16" rotation="0.0" />
<Block type="RectSmall" material="ice" x="1.59" y="-2.73" rotation="0.0" />
<Block type="RectFat" material="ice" x="0.61" y="-3.27" rotation="0.0" />
<Block type="RectFat" material="ice" x="1.387609965304967" y="-3.318947938848743" rotation="0.0" />
<Block type="RectFat" material="ice" x="2.78" y="-3.27" rotation="0.0" />
</GameObjects>
</Level>
