<?xml version="1.0" encoding="utf-16"?>
<Level width ="2">
<Camera x="0" y="2" minWidth="20" maxWidth="30">
<Birds>
<Bird type="BirdRed"/>
<Bird type="BirdRed"/>
<Bird type="BirdRed"/>
</Birds>
<Slingshot x="-8" y="-2.5">
<GameObjects>
<Block type="RectBig" material="stone" x="1.8201739036258917" y="-2.0" rotation="90.0" />
<Block type="RectMedium" material="stone" x="0.31" y="-2.2887040541090293" rotation="90.0" />
<Block type="RectMedium" material="stone" x="2.377717304035521" y="-0.7236915925656457" rotation="0.0" />
<Block type="RectSmall" material="stone" x="0.33" y="-0.95" rotation="45.0" />
<Block type="RectSmall" material="stone" x="0.8810366389843944" y="-0.77" rotation="-45.0" />
<Block type="RectSmall" material="stone" x="0.66" y="-1.3393582639694228" rotation="0.0" />
<Block type="RectSmall" material="stone" x="0.9104385090426362" y="-2.2384823752763663" rotation="0.0" />
<Block type="RectSmall" material="stone" x="0.5629716024813891" y="-1.73" rotation="45.0" />
<Block type="RectSmall" material="stone" x="1.2521976203672012" y="-1.65" rotation="90.0" />
<Block type="RectSmall" material="stone" x="0.8346307336663887" y="-2.74" rotation="30.0" />
<Block type="RectSmall" material="stone" x="2.34" y="-1.127905145802924" rotation="0.0" />
<Block type="RectSmall" material="stone" x="2.33" y="-1.9818908617140922" rotation="0.0" />
<Block type="RectSmall" material="stone" x="2.31" y="-2.24" rotation="0.0" />
<Block type="RectSmall" material="stone" x="2.32" y="-2.93" rotation="0.0" />
<Block type="RectSmall" material="stone" x="2.8323497483380047" y="-1.4646352331949952" rotation="90.0" />
<Block type="RectSmall" material="stone" x="2.827309890538394" y="-2.5766548445264457" rotation="90.0" />
<Block type="SquareTiny" material="stone" x="0.5210581220129266" y="-1.1701015980451168" rotation="0.0" />
<Block type="SquareTiny" material="stone" x="2.3" y="-0.41" rotation="0.0" />
<Block type="RectMedium" material="ice" x="2.345264412008601" y="-0.891040471465951" rotation="0.0" />
<Block type="RectFat" material="ice" x="0.59" y="-3.4178413319367795" rotation="0.0" />
<Block type="RectFat" material="ice" x="1.27" y="-3.06" rotation="90.0" />
<Block type="RectFat" material="ice" x="1.9734350414466617" y="-3.1996077429467267" rotation="0.0" />
<Block type="RectFat" material="ice" x="2.81" y="-3.27" rotation="0.0" />
</GameObjects>
</Level>
