<?xml version="1.0" encoding="utf-16"?>
<Level width ="2">
<Camera x="0" y="2" minWidth="20" maxWidth="30">
<Birds>
<Bird type="BirdRed"/>
<Bird type="BirdRed"/>
<Bird type="BirdRed"/>
</Birds>
<Slingshot x="-8" y="-2.5">
<GameObjects>
<Block type="RectBig" material="stone" x="1.76" y="-2.0" rotation="90.0" />
<Block type="RectMedium" material="stone" x="0.3888762728915764" y="-2.25" rotation="90.0" />
<Block type="RectMedium" material="stone" x="2.2711999751141585" y="-0.6032880740697678" rotation="0.0" />
<Block type="RectSmall" material="stone" x="0.33" y="-0.8525314259343016" rotation="45.0" />
<Block type="RectSmall" material="stone" x="0.9086540354885972" y="-0.7474282554223897" rotation="-45.0" />
<Block type="RectSmall" material="stone" x="0.66" y="-1.3" rotation="0.0" />
<Block type="RectSmall" material="stone" x="0.82" y="-2.15" rotation="0.0" />
<Block type="RectSmall" material="stone" x="0.7033420232066472" y="-1.7845900112981519" rotation="45.0" />
<Block type="RectSmall" material="stone" x="1.19" y="-1.7278005605751932" rotation="90.0" />
<Block type="RectSmall" material="stone" x="0.719928542877659" y="-2.707922119452261" rotation="30.0" />
<Block type="RectSmall" material="stone" x="2.279875137008109" y="-1.0613756499657458" rotation="0.0" />
<Block type="RectSmall" material="stone" x="2.33" y="-1.954228013237035" rotation="0.0" />
<Block type="RectSmall" material="stone" x="2.2982740912303448" y="-2.1893465824965785" rotation="0.0" />
<Block type="RectSmall" material="stone" x="2.2689153942937614" y="-2.8301437460107586" rotation="0.0" />
<Block type="RectSmall" material="stone" x="2.7064120706216133" y="-1.4776734186680016" rotation="90.0" />
<Block type="RectSmall" material="stone" x="2.83" y="-2.6179149875905043" rotation="90.0" />
<Block type="SquareTiny" material="stone" x="0.7582363852099976" y="-1.1355328350165954" rotation="0.0" />
<Block type="SquareTiny" material="stone" x="2.3" y="-0.39556300161363545" rotation="0.0" />
<Block type="RectMedium" material="ice" x="2.288083231360829" y="-0.85" rotation="0.0" />
<Block type="RectFat" material="ice" x="0.6152721154003514" y="-3.275331700861839" rotation="0.0" />
<Block type="RectFat" material="ice" x="1.2373053369508273" y="-3.035391701995225" rotation="90.0" />
<Block type="RectFat" material="ice" x="1.93" y="-3.27" rotation="0.0" />
<Block type="RectFat" material="ice" x="2.81" y="-3.3278902960566854" rotation="0.0" />
</GameObjects>
</Level>
