<?xml version="1.0" encoding="utf-16"?>
<Level width ="2">
<Camera x="0" y="2" minWidth="20" maxWidth="30">
<Birds>
<Bird type="BirdRed"/>
<Bird type="BirdRed"/>
<Bird type="BirdRed"/>
</Birds>
<Slingshot x="-8" y="-2.5">
<GameObjects>
<Block type="RectBig" material="stone" x="1.76" y="-2.0" rotation="90.0" />
<Block type="RectMedium" material="stone" x="0.3876194451043907" y="-2.2677092007857067" rotation="90.0" />
<Block type="RectMedium" material="stone" x="2.32" y="-0.64" rotation="0.0" />
<Block type="RectSmall" material="stone" x="0.33" y="-0.95" rotation="45.0" />
<Block type="RectSmall" material="stone" x="0.9289298076380265" y="-0.77" rotation="-45.0" />
<Block type="RectSmall" material="stone" x="0.66" y="-1.3" rotation="0.0" />
<Block type="RectSmall" material="stone" x="0.82" y="-2.15" rotation="0.0" />
<Block type="RectSmall" material="stone" x="0.6350990536163676" y="-1.73" rotation="45.0" />
<Block type="RectSmall" material="stone" x="1.19" y="-1.65" rotation="90.0" />
<Block type="RectSmall" material="stone" x="0.81" y="-2.74" rotation="30.0" />
<Block type="RectSmall" material="stone" x="2.289499101042634" y="-1.04" rotation="0.0" />
<Block type="RectSmall" material="stone" x="2.33" y="-1.9387433609979383" rotation="0.0" />
<Block type="RectSmall" material="stone" x="2.31" y="-2.284177858839031" rotation="0.0" />
<Block type="RectSmall" material="stone" x="2.2635067443647796" y="-2.955742410853012" rotation="0.0" />
<Block type="RectSmall" material="stone" x="2.704763268863793" y="-1.4702966544977607" rotation="90.0" />
<Block type="RectSmall" material="stone" x="2.83" y="-2.6529238817357075" rotation="90.0" />
<Block type="SquareTiny" material="stone" x="0.67" y="-1.0917398247382943" rotation="0.0" />
<Block type="SquareTiny" material="stone" x="2.3" y="-0.43876306059218634" rotation="0.0" />
<Block type="RectMedium" material="ice" x="2.34" y="-0.8084392810024763" rotation="0.0" />
<Block type="RectFat" material="ice" x="0.59" y="-3.219895950328117" rotation="0.0" />
<Block type="RectFat" material="ice" x="1.27" y="-3.0465813358492397" rotation="90.0" />
<Block type="RectFat" material="ice" x="1.8456533500242873" y="-3.270270594646477" rotation="0.0" />
<Block type="RectFat" material="ice" x="2.7239074965521666" y="-3.27" rotation="0.0" />
</GameObjects>
</Level>
