<?xml version="1.0" encoding="utf-16"?>
<Level width ="2">
<Camera x="0" y="2" minWidth="20" maxWidth="30">
<Birds>
<Bird type="BirdRed"/>
<Bird type="BirdRed"/>
<Bird type="BirdRed"/>
</Birds>
<Slingshot x="-8" y="-2.5">
<GameObjects>
<Block type="RectBig" material="stone" x="0.821949942408972" y="-1.26417978533886" rotation="45.0" />
<Block type="RectBig" material="stone" x="2.425462060091574" y="-1.2883424242456916" rotation="-45.0" />
<Block type="RectMedium" material="stone" x="1.9143227593751817" y="-2.6887010971841696" rotation="90.0" />
<Block type="RectSmall" material="stone" x="1.6541706540051844" y="-1.3126967866512733" rotation="0.0" />
<Block type="RectSmall" material="stone" x="1.1994795601137207" y="-1.8795461360209018" rotation="0.0" />
<Block type="RectSmall" material="stone" x="0.7211898670821656" y="-2.1120689166153004" rotation="90.0" />
<Block type="RectSmall" material="stone" x="1.4642518019914403" y="-2.14908197779085" rotation="90.0" />
<Block type="RectSmall" material="stone" x="1.06633178569868" y="-2.5680061856576653" rotation="0.0" />
<Block type="RectSmall" material="stone" x="2.222501835512565" y="-1.6706153399086685" rotation="0.0" />
<Block type="RectSmall" material="stone" x="2.536159444288503" y="-2.2125450828840587" rotation="76.0" />
<Block type="RectMedium" material="ice" x="1.5418467329529337" y="-1.53" rotation="0.0" />
<Block type="RectFat" material="ice" x="0.10852460435397278" y="-2.2384704216497213" rotation="90.0" />
<Block type="RectFat" material="ice" x="0.0747237211187261" y="-3.08" rotation="90.0" />
<Block type="RectFat" material="ice" x="1.0880185140022935" y="-3.099796969474459" rotation="90.0" />
<Block type="RectFat" material="ice" x="2.415984635497666" y="-3.1105179970327326" rotation="90.0" />
<Block type="RectFat" material="ice" x="3.089576328586185" y="-2.320875174666653" rotation="90.0" />
<Block type="RectFat" material="ice" x="3.0967976477449928" y="-3.059373164931478" rotation="90.0" />
</GameObjects>
</Level>
