<?xml version="1.0" encoding="utf-16"?>
<Level width ="2">
<Camera x="0" y="2" minWidth="20" maxWidth="30">
<Birds>
<Bird type="BirdRed"/>
<Bird type="BirdRed"/>
<Bird type="BirdRed"/>
</Birds>
<Slingshot x="-8" y="-2.5">
<GameObjects>
<Block type="RectBig" material="stone" x="1.7985960202431168" y="-2.0949705555886697" rotation="90.0" />
<Block type="RectMedium" material="stone" x="0.31" y="-2.25" rotation="90.0" />
<Block type="RectMedium" material="stone" x="2.306123122020041" y="-0.6897121638462337" rotation="0.0" />
<Block type="RectSmall" material="stone" x="0.384987428975442" y="-0.9980890288333386" rotation="45.0" />
<Block type="RectSmall" material="stone" x="0.7811260909301301" y="-0.7308483080574967" rotation="-45.0" />
<Block type="RectSmall" material="stone" x="0.5655416529927657" y="-1.3567759161424355" rotation="0.0" />
<Block type="RectSmall" material="stone" x="0.7887520651115515" y="-2.15" rotation="0.0" />
<Block type="RectSmall" material="stone" x="0.6752339734583102" y="-1.73" rotation="45.0" />
<Block type="RectSmall" material="stone" x="1.19" y="-1.7273371688848942" rotation="90.0" />
<Block type="RectSmall" material="stone" x="0.8000860217412008" y="-2.7149674068117875" rotation="30.0" />
<Block type="RectSmall" material="stone" x="2.431745694721759" y="-1.051860651329524" rotation="0.0" />
<Block type="RectSmall" material="stone" x="2.33" y="-1.97" rotation="0.0" />
<Block type="RectSmall" material="stone" x="2.3486013264841787" y="-2.328827887813752" rotation="0.0" />
<Block type="RectSmall" material="stone" x="2.2608554981624116" y="-2.8949917822556848" rotation="0.0" />
<Block type="RectSmall" material="stone" x="2.7922402410207137" y="-1.5060464111573797" rotation="90.0" />
<Block type="RectSmall" material="stone" x="2.83" y="-2.6224499486862745" rotation="90.0" />
<Block type="SquareTiny" material="stone" x="0.6116573884191984" y="-1.0958499489774904" rotation="0.0" />
<Block type="SquareTiny" material="stone" x="2.364650222200532" y="-0.4358510150348848" rotation="0.0" />
<Block type="RectMedium" material="ice" x="2.3259024076014114" y="-0.9335888913663138" rotation="0.0" />
<Block type="RectFat" material="ice" x="0.6186043663583853" y="-3.254988416583701" rotation="0.0" />
<Block type="RectFat" material="ice" x="1.2687455340912424" y="-3.0854962427830865" rotation="90.0" />
<Block type="RectFat" material="ice" x="2.009334795595222" y="-3.27" rotation="0.0" />
<Block type="RectFat" material="ice" x="2.7848731137316847" y="-3.3477465261368273" rotation="0.0" />
</GameObjects>
</Level>
