<?xml version="1.0" encoding="utf-16"?>
<Level width ="2">
<Camera x="0" y="2" minWidth="20" maxWidth="30">
<Birds>
<Bird type="BirdRed"/>
<Bird type="BirdRed"/>
<Bird type="BirdRed"/>
</Birds>
<Slingshot x="-8" y="-2.5">
<GameObjects>
<Block type="RectBig" material="stone" x="1.8163130762396318" y="-2.063840332431929" rotation="90.0" />
<Block type="RectMedium" material="stone" x="0.3561811655393884" y="-2.204278561089385" rotation="90.0" />
<Block type="RectMedium" material="stone" x="2.3430536522766197" y="-0.713302158454884" rotation="0.0" />
<Block type="RectSmall" material="stone" x="0.32666998240615924" y="-0.9298985542473994" rotation="45.0" />
<Block type="RectSmall" material="stone" x="0.92" y="-0.7784515935336515" rotation="-45.0" />
<Block type="RectSmall" material="stone" x="0.6888257134484662" y="-1.314251907132915" rotation="0.0" />
<Block type="RectSmall" material="stone" x="0.8818189215347386" y="-2.1631604117612175" rotation="0.0" />
<Block type="RectSmall" material="stone" x="0.7209745800017036" y="-1.8335644309205028" rotation="45.0" />
<Block type="RectSmall" material="stone" x="1.1991506573781656" y="-1.6230736551805733" rotation="90.0" />
<Block type="RectSmall" material="stone" x="0.83692875138693" y="-2.6991822086961927" rotation="30.0" />
<Block type="RectSmall" material="stone" x="2.31398052547764" y="-1.1207637497827472" rotation="0.0" />
<Block type="RectSmall" material="stone" x="2.3870463439574285" y="-1.9402718296383408" rotation="0.0" />
<Block type="RectSmall" material="stone" x="2.2506842299854912" y="-2.1780154507846468" rotation="0.0" />
<Block type="RectSmall" material="stone" x="2.201598206741888" y="-2.891865560877587" rotation="0.0" />
<Block type="RectSmall" material="stone" x="2.7042807925541985" y="-1.4716070518379967" rotation="90.0" />
<Block type="RectSmall" material="stone" x="2.81985383250253" y="-2.6464601823650873" rotation="90.0" />
<Block type="SquareTiny" material="stone" x="0.5981049773792678" y="-1.0384242375747204" rotation="0.0" />
<Block type="SquareTiny" material="stone" x="2.1955143049034866" y="-0.4864422341296284" rotation="0.0" />
<Block type="RectMedium" material="ice" x="2.353741214609866" y="-0.7980115591433076" rotation="0.0" />
<Block type="RectFat" material="ice" x="0.6154521925151228" y="-3.3008326534492043" rotation="0.0" />
<Block type="RectFat" material="ice" x="1.3126020850917757" y="-3.00404826747222" rotation="90.0" />
<Block type="RectFat" material="ice" x="1.9012718500216974" y="-3.368652615622799" rotation="0.0" />
<Block type="RectFat" material="ice" x="2.7848786413967317" y="-3.3187883795943596" rotation="0.0" />
</GameObjects>
</Level>
