<?xml version="1.0" encoding="utf-16"?>
<Level width ="2">
<Camera x="0" y="2" minWidth="20" maxWidth="30">
<Birds>
<Bird type="BirdRed"/>
<Bird type="BirdRed"/>
<Bird type="BirdRed"/>
</Birds>
<Slingshot x="-8" y="-2.5">
<GameObjects>
<Block type="RectBig" material="stone" x="1.76" y="-2.0" rotation="90.0" />
<Block type="RectMedium" material="stone" x="0.31" y="-2.25" rotation="90.0" />
<Block type="RectMedium" material="stone" x="2.32" y="-0.64" rotation="0.0" />
<Block type="RectSmall" material="stone" x="0.3326495514199371" y="-0.8722758831056022" rotation="45.0" />
<Block type="RectSmall" material="stone" x="0.9915830584395641" y="-0.8420533267441284" rotation="-45.0" />
<Block type="RectSmall" material="stone" x="0.66" y="-1.3" rotation="0.0" />
<Block type="RectSmall" material="stone" x="0.8685099052842864" y="-2.15" rotation="0.0" />
<Block type="RectSmall" material="stone" x="0.73" y="-1.73" rotation="45.0" />
<Block type="RectSmall" material="stone" x="1.19" y="-1.6024389751970762" rotation="90.0" />
<Block type="RectSmall" material="stone" x="0.81" y="-2.689063403888947" rotation="30.0" />
<Block type="RectSmall" material="stone" x="2.34" y="-1.04" rotation="0.0" />
<Block type="RectSmall" material="stone" x="2.33" y="-1.97" rotation="0.0" />
<Block type="RectSmall" material="stone" x="2.31" y="-2.3353745373877315" rotation="0.0" />
<Block type="RectSmall" material="stone" x="2.32" y="-2.93" rotation="0.0" />
<Block type="RectSmall" material="stone" x="2.77" y="-1.49" rotation="90.0" />
<Block type="RectSmall" material="stone" x="2.83" y="-2.56" rotation="90.0" />
<Block type="SquareTiny" material="stone" x="0.67" y="-1.09" rotation="0.0" />
<Block type="SquareTiny" material="stone" x="2.3" y="-0.42781650153884637" rotation="0.0" />
<Block type="RectMedium" material="ice" x="2.401223622059702" y="-0.85" rotation="0.0" />
<Block type="RectFat" material="ice" x="0.59" y="-3.27" rotation="0.0" />
<Block type="RectFat" material="ice" x="1.27" y="-3.1479265530540848" rotation="90.0" />
<Block type="RectFat" material="ice" x="1.93" y="-3.27" rotation="0.0" />
<Block type="RectFat" material="ice" x="2.81" y="-3.27" rotation="0.0" />
</GameObjects>
</Level>
