<?xml version="1.0" encoding="utf-16"?>
<Level width ="2">
<Camera x="0" y="2" minWidth="20" maxWidth="30">
<Birds>
<Bird type="BirdRed"/>
<Bird type="BirdRed"/>
<Bird type="BirdRed"/>
</Birds>
<Slingshot x="-8" y="-2.5">
<GameObjects>
<Block type="RectBig" material="stone" x="1.8347261928587568" y="-2.029831050351086" rotation="90.0" />
<Block type="RectMedium" material="stone" x="0.4289550754824121" y="-2.328268946257343" rotation="90.0" />
<Block type="RectMedium" material="stone" x="2.2904082837693243" y="-0.7370741871213945" rotation="0.0" />
<Block type="RectSmall" material="stone" x="0.2791840564867347" y="-0.9233942639300077" rotation="45.0" />
<Block type="RectSmall" material="stone" x="0.9500979178019708" y="-0.7642186785751278" rotation="-45.0" />
<Block type="RectSmall" material="stone" x="0.6637667877361316" y="-1.3768223911148672" rotation="0.0" />
<Block type="RectSmall" material="stone" x="0.82" y="-2.1305510475491616" rotation="0.0" />
<Block type="RectSmall" material="stone" x="0.695787828594819" y="-1.6160415481841532" rotation="45.0" />
<Block type="RectSmall" material="stone" x="1.286369049861832" y="-1.65" rotation="90.0" />
<Block type="RectSmall" material="stone" x="0.81" y="-2.7428347665007258" rotation="30.0" />
<Block type="RectSmall" material="stone" x="2.3544694498937493" y="-1.2099656707098143" rotation="0.0" />
<Block type="RectSmall" material="stone" x="2.33" y="-2.0160106407655864" rotation="0.0" />
<Block type="RectSmall" material="stone" x="2.41019159402881" y="-2.24" rotation="0.0" />
<Block type="RectSmall" material="stone" x="2.32" y="-2.93" rotation="0.0" />
<Block type="RectSmall" material="stone" x="2.8272367554541695" y="-1.4324279099125043" rotation="90.0" />
<Block type="RectSmall" material="stone" x="2.9234319529690156" y="-2.596239960489783" rotation="90.0" />
<Block type="SquareTiny" material="stone" x="0.7573124476509825" y="-1.0534983701132643" rotation="0.0" />
<Block type="SquareTiny" material="stone" x="2.3" y="-0.41" rotation="0.0" />
<Block type="RectMedium" material="ice" x="2.34" y="-0.8469684518558369" rotation="0.0" />
<Block type="RectFat" material="ice" x="0.6525254246787532" y="-3.27" rotation="0.0" />
<Block type="RectFat" material="ice" x="1.2528981322198107" y="-3.0300510392434314" rotation="90.0" />
<Block type="RectFat" material="ice" x="1.9306716643325947" y="-3.2896925922679126" rotation="0.0" />
<Block type="RectFat" material="ice" x="2.8599455923833914" y="-3.3558475560975247" rotation="0.0" />
</GameObjects>
</Level>
