<?xml version="1.0" encoding="utf-16"?>
<Level width ="2">
<Camera x="0" y="2" minWidth="20" maxWidth="30">
<Birds>
<Bird type="BirdRed"/>
<Bird type="BirdRed"/>
<Bird type="BirdRed"/>
</Birds>
<Slingshot x="-8" y="-2.5">
<GameObjects>
<Block type="RectBig" material="stone" x="1.7047543361222037" y="-2.0506257304120314" rotation="90.0" />
<Block type="RectMedium" material="stone" x="0.31" y="-2.191104265955937" rotation="90.0" />
<Block type="RectMedium" material="stone" x="2.32" y="-0.6038148321796686" rotation="0.0" />
<Block type="RectSmall" material="stone" x="0.32893594509098495" y="-0.95" rotation="45.0" />
<Block type="RectSmall" material="stone" x="0.906152445292987" y="-0.77" rotation="-45.0" />
<Block type="RectSmall" material="stone" x="0.5690522744750408" y="-1.3" rotation="0.0" />
<Block type="RectSmall" material="stone" x="0.8090861494928022" y="-2.1709200052208026" rotation="0.0" />
<Block type="RectSmall" material="stone" x="0.73" y="-1.749250900240711" rotation="45.0" />
<Block type="RectSmall" material="stone" x="1.19" y="-1.65" rotation="90.0" />
<Block type="RectSmall" material="stone" x="0.8751357832370924" y="-2.74" rotation="30.0" />
<Block type="RectSmall" material="stone" x="2.384880780719352" y="-1.04" rotation="0.0" />
<Block type="RectSmall" material="stone" x="2.33" y="-1.9613148226916086" rotation="0.0" />
<Block type="RectSmall" material="stone" x="2.2614129730451116" y="-2.288157602022755" rotation="0.0" />
<Block type="RectSmall" material="stone" x="2.2578734541008116" y="-2.855461134897255" rotation="0.0" />
<Block type="RectSmall" material="stone" x="2.7055049376605433" y="-1.5176956747824626" rotation="90.0" />
<Block type="RectSmall" material="stone" x="2.7757681989901517" y="-2.65061693800232" rotation="90.0" />
<Block type="SquareTiny" material="stone" x="0.726944581305937" y="-1.1456482901699985" rotation="0.0" />
<Block type="SquareTiny" material="stone" x="2.319723173642875" y="-0.43090114714725675" rotation="0.0" />
<Block type="RectMedium" material="ice" x="2.297460354298713" y="-0.9016094099707248" rotation="0.0" />
<Block type="RectFat" material="ice" x="0.6075226855174081" y="-3.27" rotation="0.0" />
<Block type="RectFat" material="ice" x="1.2452714894105403" y="-3.06" rotation="90.0" />
<Block type="RectFat" material="ice" x="1.93" y="-3.261141670332522" rotation="0.0" />
<Block type="RectFat" material="ice" x="2.857708164450547" y="-3.27" rotation="0.0" />
</GameObjects>
</Level>
