<?xml version="1.0" encoding="utf-16"?>
<Level width ="2">
<Camera x="0" y="2" minWidth="20" maxWidth="30">
<Birds>
<Bird type="BirdRed"/>
<Bird type="BirdRed"/>
<Bird type="BirdRed"/>
</Birds>
<Slingshot x="-8" y="-2.5">
<GameObjects>
<Block type="RectBig" material="stone" x="0.84" y="-1.27" rotation="45.0" />
<Block type="RectBig" material="stone" x="2.3857546200623387" y="-1.2707002652390447" rotation="-45.0" />
<Block type="RectMedium" material="stone" x="1.8396688344019405" y="-2.664184642795176" rotation="90.0" />
<Block type="RectSmall" material="stone" x="1.6446038602831796" y="-1.3471615725229649" rotation="0.0" />
<Block type="RectSmall" material="stone" x="1.11" y="-1.7539500039593945" rotation="0.0" />
<Block type="RectSmall" material="stone" x="0.6619917790614311" y="-2.1567910825402037" rotation="90.0" />
<Block type="RectSmall" material="stone" x="1.4746625005174392" y="-2.1604542424106845" rotation="90.0" />
<Block type="RectSmall" material="stone" x="1.10019076779361" y="-2.595532053616141" rotation="0.0" />
<Block type="RectSmall" material="stone" x="2.222594220127111" y="-1.73" rotation="0.0" />
<Block type="RectSmall" material="stone" x="2.4636927688877712" y="-2.159891355030779" rotation="76.0" />
<Block type="RectMedium" material="ice" x="1.5934816609169515" y="-1.6032515194814825" rotation="0.0" />
<Block type="RectFat" material="ice" x="0.17640636434896578" y="-2.23" rotation="90.0" />
<Block type="RectFat" material="ice" x="0.18448899988955864" y="-3.135562852416937" rotation="90.0" />
<Block type="RectFat" material="ice" x="1.1311851106954185" y="-3.191497443751695" rotation="90.0" />
<Block type="RectFat" material="ice" x="2.362499355252654" y="-3.1327531047323314" rotation="90.0" />
<Block type="RectFat" material="ice" x="3.1088297638756592" y="-2.2916310808811677" rotation="90.0" />
<Block type="RectFat" material="ice" x="3.1186684262725013" y="-3.027526704953101" rotation="90.0" />
</GameObjects>
</Level>
