<?xml version="1.0" encoding="utf-16"?>
<Level width ="2">
<Camera x="0" y="2" minWidth="20" maxWidth="30">
<Birds>
<Bird type="BirdRed"/>
<Bird type="BirdRed"/>
<Bird type="BirdRed"/>
</Birds>
<Slingshot x="-8" y="-2.5">
<GameObjects>
<Block type="RectBig" material="stone" x="2.1093583534761353" y="-3.015122164854706" rotation="0.0" />
<Block type="RectMedium" material="stone" x="2.1202994128711703" y="-1.9104533764048488" rotation="0.0" />
<Block type="RectMedium" material="stone" x="0.9252047821247108" y="-2.683717022148475" rotation="90.0" />
<Block type="SquareTiny" material="stone" x="1.0170266475426049" y="-1.0893431029123097" rotation="0.0" />
<Block type="RectSmall" material="stone" x="2.080481577667032" y="-1.3784861392908578" rotation="90.0" />
<Block type="RectSmall" material="stone" x="2.21527063248798" y="-2.376702885698452" rotation="90.0" />
<Block type="RectSmall" material="stone" x="0.8784884149929425" y="-1.4227370547124698" rotation="0.0" />
<Block type="RectSmall" material="stone" x="0.8551073711461485" y="-1.5878691617299936" rotation="-135.0" />
<Block type="RectBig" material="ice" x="1.7186739573027463" y="-2.1354602477310505" rotation="90.0" />
<Block type="RectSmall" material="ice" x="0.47486599620808434" y="-3.3263771785238996" rotation="0.0" />
<Block type="RectFat" material="ice" x="1.396929938288679" y="-3.3058798403435183" rotation="0.0" />
<Block type="RectFat" material="ice" x="2.738932620065987" y="-3.299017741703768" rotation="0.0" />
</GameObjects>
</Level>
