<?xml version="1.0" encoding="utf-16"?>
<Level width ="2">
<Camera x="0" y="2" minWidth="20" maxWidth="30">
<Birds>
<Bird type="BirdRed"/>
<Bird type="BirdRed"/>
<Bird type="BirdRed"/>
</Birds>
<Slingshot x="-8" y="-2.5">
<GameObjects>
<Block type="RectBig" material="stone" x="1.7530689792626135" y="-2.0" rotation="90.0" />
<Block type="RectMedium" material="stone" x="0.38094569092476804" y="-2.25" rotation="90.0" />
<Block type="RectMedium" material="stone" x="2.218604823464714" y="-0.5038380067947383" rotation="0.0" />
<Block type="RectSmall" material="stone" x="0.3321551118017002" y="-0.9536567434391785" rotation="45.0" />
<Block type="RectSmall" material="stone" x="0.9182271748691703" y="-0.7098358267146607" rotation="-45.0" />
<Block type="RectSmall" material="stone" x="0.7267872900082979" y="-1.2951721919211483" rotation="0.0" />
<Block type="RectSmall" material="stone" x="0.9181899986549016" y="-2.0970567597548158" rotation="0.0" />
<Block type="RectSmall" material="stone" x="0.6531924210698236" y="-1.672243353336299" rotation="45.0" />
<Block type="RectSmall" material="stone" x="1.0862181606996917" y="-1.8087963189309018" rotation="90.0" />
<Block type="RectSmall" material="stone" x="0.8344604129116987" y="-2.725091368829392" rotation="30.0" />
<Block type="RectSmall" material="stone" x="2.368919426085211" y="-1.0765478207426071" rotation="0.0" />
<Block type="RectSmall" material="stone" x="2.337457621475865" y="-1.97" rotation="0.0" />
<Block type="RectSmall" material="stone" x="2.284998937666953" y="-2.24" rotation="0.0" />
<Block type="RectSmall" material="stone" x="2.32" y="-2.93" rotation="0.0" />
<Block type="RectSmall" material="stone" x="2.77" y="-1.4455577250543696" rotation="90.0" />
<Block type="RectSmall" material="stone" x="2.729875517782661" y="-2.606356801980742" rotation="90.0" />
<Block type="SquareTiny" material="stone" x="0.6634850386535418" y="-1.09" rotation="0.0" />
<Block type="SquareTiny" material="stone" x="2.3103342140352456" y="-0.5091746113703861" rotation="0.0" />
<Block type="RectMedium" material="ice" x="2.359023816849269" y="-0.8566064905555417" rotation="0.0" />
<Block type="RectFat" material="ice" x="0.59" y="-3.300985254451213" rotation="0.0" />
<Block type="RectFat" material="ice" x="1.3592600650909663" y="-3.112757869947977" rotation="90.0" />
<Block type="RectFat" material="ice" x="1.9647190368216525" y="-3.27" rotation="0.0" />
<Block type="RectFat" material="ice" x="2.723510247279663" y="-3.27" rotation="0.0" />
</GameObjects>
</Level>
