<?xml version="1.0" encoding="utf-16"?>
<Level width ="2">
<Camera x="0" y="2" minWidth="20" maxWidth="30">
<Birds>
<Bird type="BirdRed"/>
<Bird type="BirdRed"/>
<Bird type="BirdRed"/>
</Birds>
<Slingshot x="-8" y="-2.5">
<GameObjects>
<Block type="RectBig" material="stone" x="1.76" y="-1.9608180848279906" rotation="90.0" />
<Block type="RectMedium" material="stone" x="0.3586979872315349" y="-2.2051513572168275" rotation="90.0" />
<Block type="RectMedium" material="stone" x="2.2385423596778504" y="-0.64" rotation="0.0" />
<Block type="RectSmall" material="stone" x="0.41914238420264854" y="-0.8744013829162324" rotation="45.0" />
<Block type="RectSmall" material="stone" x="1.016523832876674" y="-0.7633601796901623" rotation="-45.0" />
<Block type="RectSmall" material="stone" x="0.6549784638344398" y="-1.3" rotation="0.0" />
<Block type="RectSmall" material="stone" x="0.82" y="-2.3154037801495924" rotation="0.0" />
<Block type="RectSmall" material="stone" x="0.813449237459019" y="-1.73" rotation="45.0" />
<Block type="RectSmall" material="stone" x="1.1884949642447535" y="-1.65" rotation="90.0" />
<Block type="RectSmall" material="stone" x="0.851042659251711" y="-2.7150440424041378" rotation="30.0" />
<Block type="RectSmall" material="stone" x="2.3625204953434826" y="-1.04" rotation="0.0" />
<Block type="RectSmall" material="stone" x="2.33" y="-1.97" rotation="0.0" />
<Block type="RectSmall" material="stone" x="2.321627242975774" y="-2.24" rotation="0.0" />
<Block type="RectSmall" material="stone" x="2.32" y="-2.93" rotation="0.0" />
<Block type="RectSmall" material="stone" x="2.7804699974446287" y="-1.439743672515409" rotation="90.0" />
<Block type="RectSmall" material="stone" x="2.8126651437173966" y="-2.56" rotation="90.0" />
<Block type="SquareTiny" material="stone" x="0.67" y="-1.09" rotation="0.0" />
<Block type="SquareTiny" material="stone" x="2.330409785619406" y="-0.41" rotation="0.0" />
<Block type="RectMedium" material="ice" x="2.2885313323982466" y="-0.9446984948157211" rotation="0.0" />
<Block type="RectFat" material="ice" x="0.5009571355495986" y="-3.27" rotation="0.0" />
<Block type="RectFat" material="ice" x="1.3434002524372861" y="-3.06" rotation="90.0" />
<Block type="RectFat" material="ice" x="1.9468376041038393" y="-3.27" rotation="0.0" />
<Block type="RectFat" material="ice" x="2.81" y="-3.27" rotation="0.0" />
</GameObjects>
</Level>
