<?xml version="1.0" encoding="utf-16"?>
<Level width ="2">
<Camera x="0" y="2" minWidth="20" maxWidth="30">
<Birds>
<Bird type="BirdRed"/>
<Bird type="BirdRed"/>
<Bird type="BirdRed"/>
</Birds>
<Slingshot x="-8" y="-2.5">
<GameObjects>
<Block type="RectBig" material="stone" x="2.175997403600483" y="-2.9537624084345535" rotation="0.0" />
<Block type="RectMedium" material="stone" x="2.12" y="-1.9047206901694953" rotation="0.0" />
<Block type="RectMedium" material="stone" x="0.8342191772704821" y="-2.7339501252471154" rotation="90.0" />
<Block type="SquareTiny" material="stone" x="0.9109627144336073" y="-1.0819056063756152" rotation="0.0" />
<Block type="RectSmall" material="stone" x="2.11" y="-1.357357222168944" rotation="90.0" />
<Block type="RectSmall" material="stone" x="2.11" y="-2.45" rotation="90.0" />
<Block type="RectSmall" material="stone" x="0.808698612233037" y="-1.4259266272303475" rotation="0.0" />
<Block type="RectSmall" material="stone" x="0.7365323039096996" y="-1.627916716384168" rotation="-135.0" />
<Block type="RectBig" material="ice" x="1.7197267503273017" y="-1.9832410981274398" rotation="90.0" />
<Block type="RectSmall" material="ice" x="0.25004687719696156" y="-3.4085087055192878" rotation="0.0" />
<Block type="RectFat" material="ice" x="1.5003290882565796" y="-3.2324135270630623" rotation="0.0" />
<Block type="RectFat" material="ice" x="2.789330361186549" y="-3.27" rotation="0.0" />
</GameObjects>
</Level>
