<?xml version="1.0" encoding="utf-16"?>
<Level width ="2">
<Camera x="0" y="2" minWidth="20" maxWidth="30">
<Birds>
<Bird type="BirdRed"/>
<Bird type="BirdRed"/>
<Bird type="BirdRed"/>
</Birds>
<Slingshot x="-8" y="-2.5">
<GameObjects>
<Block type="RectBig" material="stone" x="0.8596486007904917" y="-1.1720302728610772" rotation="45.0" />
<Block type="RectBig" material="stone" x="2.3772826913808087" y="-1.2785578663045045" rotation="-45.0" />
<Block type="RectMedium" material="stone" x="1.5898947063008393" y="-2.640485175422647" rotation="90.0" />
<Block type="RectSmall" material="stone" x="1.792087025183831" y="-1.262720978274286" rotation="0.0" />
<Block type="RectSmall" material="stone" x="1.0429638875499994" y="-1.811313654934152" rotation="0.0" />
<Block type="RectSmall" material="stone" x="0.67" y="-2.0833239518573285" rotation="90.0" />
<Block type="RectSmall" material="stone" x="1.4110846671413027" y="-2.118146625922266" rotation="90.0" />
<Block type="RectSmall" material="stone" x="1.0256612070120945" y="-2.5961730527858817" rotation="0.0" />
<Block type="RectSmall" material="stone" x="2.1053200267910164" y="-1.675629405182049" rotation="0.0" />
<Block type="RectSmall" material="stone" x="2.5158148075160085" y="-2.2603750192846914" rotation="76.0" />
<Block type="RectMedium" material="ice" x="1.5517507610325678" y="-1.4823921730296723" rotation="0.0" />
<Block type="RectFat" material="ice" x="0.16965954893931012" y="-2.164226254837411" rotation="90.0" />
<Block type="RectFat" material="ice" x="0.027190058116814957" y="-2.9842893450510193" rotation="90.0" />
<Block type="RectFat" material="ice" x="1.0549479042554537" y="-3.0843678020088903" rotation="90.0" />
<Block type="RectFat" material="ice" x="2.3685002878744217" y="-3.1543884657607215" rotation="90.0" />
<Block type="RectFat" material="ice" x="3.12" y="-2.2929103399783237" rotation="90.0" />
<Block type="RectFat" material="ice" x="3.150243065431618" y="-3.0101774808404786" rotation="90.0" />
</GameObjects>
</Level>
