<?xml version="1.0" encoding="utf-16"?>
<Level width ="2">
<Camera x="0" y="2" minWidth="20" maxWidth="30">
<Birds>
<Bird type="BirdRed"/>
<Bird type="BirdRed"/>
<Bird type="BirdRed"/>
</Birds>
<Slingshot x="-8" y="-2.5">
<GameObjects>
<Block type="RectBig" material="stone" x="1.5544426054949094" y="-1.9255807723828806" rotation="0.0" />
<Block type="RectSmall" material="stone" x="2.0956309164952396" y="-2.8397041618813277" rotation="75.0" />
<Block type="RectSmall" material="stone" x="0.9998953945420473" y="-2.811" rotation="105.0" />
<Block type="RectSmall" material="stone" x="2.307353840152758" y="-3.403" rotation="0.0" />
<Block type="RectSmall" material="stone" x="1.4949235859569359" y="-1.3886629749695922" rotation="90.0" />
<Block type="RectMedium" material="stone" x="1.1241010680734032" y="-3.4189" rotation="0.0" />
<Block type="RectMedium" material="ice" x="1.5694203611202668" y="-2.253036243061101" rotation="0.0" />
<Block type="RectFat" material="ice" x="2.5868877517510636" y="-3.044" rotation="0.0" />
<Block type="RectFat" material="ice" x="0.45240895338877485" y="-3.005736787674417" rotation="0.0" />
</GameObjects>
</Level>
