<?xml version="1.0" encoding="utf-16"?>
<Level width ="2">
<Camera x="0" y="2" minWidth="20" maxWidth="30">
<Birds>
<Bird type="BirdRed"/>
<Bird type="BirdRed"/>
<Bird type="BirdRed"/>
</Birds>
<Slingshot x="-8" y="-2.5">
<GameObjects>
<Block type="RectBig" material="stone" x="2.2750118735069957" y="-2.956879471616939" rotation="0.0" />
<Block type="RectMedium" material="stone" x="2.12" y="-1.9440646018296794" rotation="0.0" />
<Block type="RectMedium" material="stone" x="0.8866732648665817" y="-2.9504063807029937" rotation="90.0" />
<Block type="SquareTiny" material="stone" x="0.9361232538911396" y="-1.1336863562047206" rotation="0.0" />
<Block type="RectSmall" material="stone" x="2.232897639766598" y="-1.3862911536197031" rotation="90.0" />
<Block type="RectSmall" material="stone" x="2.1735354458069103" y="-2.4092574983919475" rotation="90.0" />
<Block type="RectSmall" material="stone" x="0.8834590536943736" y="-1.4700082367312488" rotation="0.0" />
<Block type="RectSmall" material="stone" x="0.85" y="-1.641386062495119" rotation="-135.0" />
<Block type="RectBig" material="ice" x="1.8108616127393955" y="-2.16" rotation="90.0" />
<Block type="RectSmall" material="ice" x="0.40368464803577175" y="-3.294355256829053" rotation="0.0" />
<Block type="RectFat" material="ice" x="1.5765551500227093" y="-3.2720942814653386" rotation="0.0" />
<Block type="RectFat" material="ice" x="2.7986951327186222" y="-3.222880296077335" rotation="0.0" />
</GameObjects>
</Level>
