<?xml version="1.0" encoding="utf-16"?>
<Level width ="2">
<Camera x="0" y="2" minWidth="20" maxWidth="30">
<Birds>
<Bird type="BirdRed"/>
<Bird type="BirdRed"/>
<Bird type="BirdRed"/>
</Birds>
<Slingshot x="-8" y="-2.5">
<GameObjects>
<Block type="RectBig" material="stone" x="1.507" y="-2.039144614897101" rotation="0.0" />
<Block type="RectSmall" material="stone" x="2.0956309164952396" y="-2.8995616452712727" rotation="75.0" />
<Block type="RectSmall" material="stone" x="0.9998953945420473" y="-2.811" rotation="105.0" />
<Block type="RectSmall" material="stone" x="2.275" y="-3.403" rotation="0.0" />
<Block type="RectSmall" material="stone" x="1.529981130144556" y="-1.412" rotation="90.0" />
<Block type="RectMedium" material="stone" x="1.1241010680734032" y="-3.4189" rotation="0.0" />
<Block type="RectMedium" material="ice" x="1.542" y="-2.231" rotation="0.0" />
<Block type="RectFat" material="ice" x="2.5868877517510636" y="-3.044" rotation="0.0" />
<Block type="RectFat" material="ice" x="0.5318919232391561" y="-3.005736787674417" rotation="0.0" />
</GameObjects>
</Level>
