<?xml version="1.0" encoding="utf-16"?>
<Level width ="2">
<Camera x="0" y="2" minWidth="20" maxWidth="30">
<Birds>
<Bird type="BirdRed"/>
<Bird type="BirdRed"/>
<Bird type="BirdRed"/>
</Birds>
<Slingshot x="-8" y="-2.5">
<GameObjects>
<Block type="RectBig" material="stone" x="1.8093227376957617" y="-2.0186344509899903" rotation="90.0" />
<Block type="RectMedium" material="stone" x="0.3862843783606484" y="-2.25" rotation="90.0" />
<Block type="RectMedium" material="stone" x="2.306535170731189" y="-0.6173181347508647" rotation="0.0" />
<Block type="RectSmall" material="stone" x="0.3481072692485866" y="-0.9543190882960803" rotation="45.0" />
<Block type="RectSmall" material="stone" x="0.8572945781597877" y="-0.7879463496291361" rotation="-45.0" />
<Block type="RectSmall" material="stone" x="0.738978643919333" y="-1.3683964560741575" rotation="0.0" />
<Block type="RectSmall" material="stone" x="1.008094292856836" y="-2.1113219255724456" rotation="0.0" />
<Block type="RectSmall" material="stone" x="0.73" y="-1.6952930225118596" rotation="45.0" />
<Block type="RectSmall" material="stone" x="1.092993713046094" y="-1.6332104865885846" rotation="90.0" />
<Block type="RectSmall" material="stone" x="0.8183161710717632" y="-2.65615892680614" rotation="30.0" />
<Block type="RectSmall" material="stone" x="2.5071437963379513" y="-1.028850019388249" rotation="0.0" />
<Block type="RectSmall" material="stone" x="2.33" y="-1.97" rotation="0.0" />
<Block type="RectSmall" material="stone" x="2.357334936748475" y="-2.338523220251831" rotation="0.0" />
<Block type="RectSmall" material="stone" x="2.299551715579338" y="-2.9126688894741464" rotation="0.0" />
<Block type="RectSmall" material="stone" x="2.782370024684954" y="-1.4434158148186393" rotation="90.0" />
<Block type="RectSmall" material="stone" x="2.83" y="-2.6586396727631048" rotation="90.0" />
<Block type="SquareTiny" material="stone" x="0.7596143514268465" y="-1.1074447642316403" rotation="0.0" />
<Block type="SquareTiny" material="stone" x="2.3558696756058928" y="-0.34523659830931397" rotation="0.0" />
<Block type="RectMedium" material="ice" x="2.3748777292492202" y="-0.799450800861796" rotation="0.0" />
<Block type="RectFat" material="ice" x="0.59" y="-3.3226236237334694" rotation="0.0" />
<Block type="RectFat" material="ice" x="1.27" y="-3.1479265530540848" rotation="90.0" />
<Block type="RectFat" material="ice" x="1.8394229445045986" y="-3.2675976367085804" rotation="0.0" />
<Block type="RectFat" material="ice" x="2.815670664227325" y="-3.27" rotation="0.0" />
</GameObjects>
</Level>
