<?xml version="1.0" encoding="utf-16"?>
<Level width ="2">
<Camera x="0" y="2" minWidth="20" maxWidth="30">
<Birds>
<Bird type="BirdRed"/>
<Bird type="BirdRed"/>
<Bird type="BirdRed"/>
</Birds>
<Slingshot x="-8" y="-2.5">
<GameObjects>
<Block type="RectBig" material="stone" x="1.76" y="-2.001023303317947" rotation="90.0" />
<Block type="RectMedium" material="stone" x="0.3850903751671122" y="-2.3251643903350985" rotation="90.0" />
<Block type="RectMedium" material="stone" x="2.333400836284641" y="-0.64" rotation="0.0" />
<Block type="RectSmall" material="stone" x="0.392413151852238" y="-0.9469007160025904" rotation="45.0" />
<Block type="RectSmall" material="stone" x="1.0255138910315318" y="-0.8034608384551013" rotation="-45.0" />
<Block type="RectSmall" material="stone" x="0.66" y="-1.3" rotation="0.0" />
<Block type="RectSmall" material="stone" x="0.8540006650406319" y="-2.091581137004122" rotation="0.0" />
<Block type="RectSmall" material="stone" x="0.73" y="-1.6460701961957698" rotation="45.0" />
<Block type="RectSmall" material="stone" x="1.19" y="-1.5998691812465746" rotation="90.0" />
<Block type="RectSmall" material="stone" x="0.81" y="-2.7097178576672216" rotation="30.0" />
<Block type="RectSmall" material="stone" x="2.34" y="-1.04" rotation="0.0" />
<Block type="RectSmall" material="stone" x="2.312403040552981" y="-1.97" rotation="0.0" />
<Block type="RectSmall" material="stone" x="2.2801328479157528" y="-2.24" rotation="0.0" />
<Block type="RectSmall" material="stone" x="2.32" y="-2.8455261136731154" rotation="0.0" />
<Block type="RectSmall" material="stone" x="2.725407678209539" y="-1.4098453914313438" rotation="90.0" />
<Block type="RectSmall" material="stone" x="2.7926295161647285" y="-2.631360414206931" rotation="90.0" />
<Block type="SquareTiny" material="stone" x="0.7277878842144994" y="-1.09" rotation="0.0" />
<Block type="SquareTiny" material="stone" x="2.240593580696501" y="-0.4394106534774171" rotation="0.0" />
<Block type="RectMedium" material="ice" x="2.372359866383856" y="-0.9296876165224084" rotation="0.0" />
<Block type="RectFat" material="ice" x="0.7127845191117489" y="-3.27" rotation="0.0" />
<Block type="RectFat" material="ice" x="1.1357972148884312" y="-3.06" rotation="90.0" />
<Block type="RectFat" material="ice" x="1.93" y="-3.27" rotation="0.0" />
<Block type="RectFat" material="ice" x="2.81" y="-3.2666974592938227" rotation="0.0" />
</GameObjects>
</Level>
