<?xml version="1.0" encoding="utf-16"?>
<Level width ="2">
<Camera x="0" y="2" minWidth="20" maxWidth="30">
<Birds>
<Bird type="BirdRed"/>
<Bird type="BirdRed"/>
<Bird type="BirdRed"/>
</Birds>
<Slingshot x="-8" y="-2.5">
<GameObjects>
<Block type="RectBig" material="stone" x="1.8210637997851329" y="-1.9847585858756212" rotation="90.0" />
<Block type="RectMedium" material="stone" x="0.34585950516625114" y="-2.25" rotation="90.0" />
<Block type="RectMedium" material="stone" x="2.2171935259434195" y="-0.6767551999627922" rotation="0.0" />
<Block type="RectSmall" material="stone" x="0.33123929198977276" y="-0.9002870420772808" rotation="45.0" />
<Block type="RectSmall" material="stone" x="0.9242070159799978" y="-0.7310429210030415" rotation="-45.0" />
<Block type="RectSmall" material="stone" x="0.6608471746796077" y="-1.2341950270689348" rotation="0.0" />
<Block type="RectSmall" material="stone" x="0.951811020454246" y="-2.0921402368807205" rotation="0.0" />
<Block type="RectSmall" material="stone" x="0.8229497900744364" y="-1.7985092123322288" rotation="45.0" />
<Block type="RectSmall" material="stone" x="1.108319715203014" y="-1.6697857241291554" rotation="90.0" />
<Block type="RectSmall" material="stone" x="0.8035844154059805" y="-2.805367558087424" rotation="30.0" />
<Block type="RectSmall" material="stone" x="2.4394656261873306" y="-0.9940578801783997" rotation="0.0" />
<Block type="RectSmall" material="stone" x="2.3233862725563434" y="-1.9865085550189177" rotation="0.0" />
<Block type="RectSmall" material="stone" x="2.334445167622491" y="-2.252700632681376" rotation="0.0" />
<Block type="RectSmall" material="stone" x="2.32" y="-2.908081086619192" rotation="0.0" />
<Block type="RectSmall" material="stone" x="2.7482770085805672" y="-1.5083772335808043" rotation="90.0" />
<Block type="RectSmall" material="stone" x="2.83" y="-2.6020636021749683" rotation="90.0" />
<Block type="SquareTiny" material="stone" x="0.678465936100316" y="-0.9919073338599986" rotation="0.0" />
<Block type="SquareTiny" material="stone" x="2.3263637792216563" y="-0.41" rotation="0.0" />
<Block type="RectMedium" material="ice" x="2.315708713801779" y="-0.9116643840415298" rotation="0.0" />
<Block type="RectFat" material="ice" x="0.6216379802174763" y="-3.2407330479886767" rotation="0.0" />
<Block type="RectFat" material="ice" x="1.2223910719071847" y="-3.0797743388363026" rotation="90.0" />
<Block type="RectFat" material="ice" x="1.801816892794204" y="-3.188182327180887" rotation="0.0" />
<Block type="RectFat" material="ice" x="2.9086832918343197" y="-3.3731559949100265" rotation="0.0" />
</GameObjects>
</Level>
