<?xml version="1.0" encoding="utf-16"?>
<Level width ="2">
<Camera x="0" y="2" minWidth="20" maxWidth="30">
<Birds>
<Bird type="BirdRed"/>
<Bird type="BirdRed"/>
<Bird type="BirdRed"/>
</Birds>
<Slingshot x="-8" y="-2.5">
<GameObjects>
<Block type="RectBig" material="stone" x="1.76" y="-2.0282828867286393" rotation="90.0" />
<Block type="RectMedium" material="stone" x="0.40885169521319287" y="-2.330474064328915" rotation="90.0" />
<Block type="RectMedium" material="stone" x="2.233101958032682" y="-0.6954330960019618" rotation="0.0" />
<Block type="RectSmall" material="stone" x="0.33" y="-0.9477205581591311" rotation="45.0" />
<Block type="RectSmall" material="stone" x="0.9425061454978604" y="-0.8492734199968224" rotation="-45.0" />
<Block type="RectSmall" material="stone" x="0.5817675767643312" y="-1.2882285645027463" rotation="0.0" />
<Block type="RectSmall" material="stone" x="0.897322202487986" y="-2.15" rotation="0.0" />
<Block type="RectSmall" material="stone" x="0.6477138727044957" y="-1.7753008217540354" rotation="45.0" />
<Block type="RectSmall" material="stone" x="1.1009116610319367" y="-1.65" rotation="90.0" />
<Block type="RectSmall" material="stone" x="0.8501767273497729" y="-2.874418234746368" rotation="30.0" />
<Block type="RectSmall" material="stone" x="2.312139659797954" y="-1.0091500613880278" rotation="0.0" />
<Block type="RectSmall" material="stone" x="2.33" y="-1.97" rotation="0.0" />
<Block type="RectSmall" material="stone" x="2.31" y="-2.164125346677469" rotation="0.0" />
<Block type="RectSmall" material="stone" x="2.32" y="-2.8923600644185963" rotation="0.0" />
<Block type="RectSmall" material="stone" x="2.793997776953074" y="-1.49" rotation="90.0" />
<Block type="RectSmall" material="stone" x="2.83" y="-2.5158148104252054" rotation="90.0" />
<Block type="SquareTiny" material="stone" x="0.7027463007687011" y="-1.1048338450121367" rotation="0.0" />
<Block type="SquareTiny" material="stone" x="2.3" y="-0.5812476836220231" rotation="0.0" />
<Block type="RectMedium" material="ice" x="2.3475843367750424" y="-0.85" rotation="0.0" />
<Block type="RectFat" material="ice" x="0.59" y="-3.255040368265703" rotation="0.0" />
<Block type="RectFat" material="ice" x="1.27" y="-3.0810425256136145" rotation="90.0" />
<Block type="RectFat" material="ice" x="1.93" y="-3.2783992150973744" rotation="0.0" />
<Block type="RectFat" material="ice" x="2.81" y="-3.288077360539827" rotation="0.0" />
</GameObjects>
</Level>
