<?xml version="1.0" encoding="utf-16"?>
<Level width ="2">
<Camera x="0" y="2" minWidth="20" maxWidth="30">
<Birds>
<Bird type="BirdRed"/>
<Bird type="BirdRed"/>
<Bird type="BirdRed"/>
</Birds>
<Slingshot x="-8" y="-2.5">
<GameObjects>
<Block type="RectBig" material="stone" x="1.7341519172416362" y="-2.0886909868474977" rotation="90.0" />
<Block type="RectMedium" material="stone" x="0.37389725859409695" y="-2.256178850255065" rotation="90.0" />
<Block type="RectMedium" material="stone" x="2.3366204634344077" y="-0.64" rotation="0.0" />
<Block type="RectSmall" material="stone" x="0.33" y="-0.9979331408475312" rotation="45.0" />
<Block type="RectSmall" material="stone" x="0.92" y="-0.794640971426064" rotation="-45.0" />
<Block type="RectSmall" material="stone" x="0.66" y="-1.3" rotation="0.0" />
<Block type="RectSmall" material="stone" x="0.82" y="-2.15" rotation="0.0" />
<Block type="RectSmall" material="stone" x="0.7592235255413549" y="-1.73" rotation="45.0" />
<Block type="RectSmall" material="stone" x="1.253947102205021" y="-1.65" rotation="90.0" />
<Block type="RectSmall" material="stone" x="0.834146235127463" y="-2.7281622724333645" rotation="30.0" />
<Block type="RectSmall" material="stone" x="2.39396058604394" y="-1.0440774251636398" rotation="0.0" />
<Block type="RectSmall" material="stone" x="2.33" y="-1.97" rotation="0.0" />
<Block type="RectSmall" material="stone" x="2.303588972676734" y="-2.24" rotation="0.0" />
<Block type="RectSmall" material="stone" x="2.32" y="-2.8561093666634263" rotation="0.0" />
<Block type="RectSmall" material="stone" x="2.77" y="-1.3725638485172913" rotation="90.0" />
<Block type="RectSmall" material="stone" x="2.83" y="-2.56" rotation="90.0" />
<Block type="SquareTiny" material="stone" x="0.5362289081418216" y="-1.082633590041971" rotation="0.0" />
<Block type="SquareTiny" material="stone" x="2.3" y="-0.29200923383160093" rotation="0.0" />
<Block type="RectMedium" material="ice" x="2.4653726069313286" y="-0.9185899049605522" rotation="0.0" />
<Block type="RectFat" material="ice" x="0.7042254386055697" y="-3.195716591014326" rotation="0.0" />
<Block type="RectFat" material="ice" x="1.27" y="-3.1586491359395255" rotation="90.0" />
<Block type="RectFat" material="ice" x="1.9290634879927886" y="-3.27" rotation="0.0" />
<Block type="RectFat" material="ice" x="2.81" y="-3.27" rotation="0.0" />
</GameObjects>
</Level>
