<?xml version="1.0" encoding="utf-16"?>
<Level width ="2">
<Camera x="0" y="2" minWidth="20" maxWidth="30">
<Birds>
<Bird type="BirdRed"/>
<Bird type="BirdRed"/>
<Bird type="BirdRed"/>
</Birds>
<Slingshot x="-8" y="-2.5">
<GameObjects>
<Block type="RectBig" material="stone" x="2.209550931928142" y="-3.057092854501532" rotation="0.0" />
<Block type="RectMedium" material="stone" x="2.1485454394665275" y="-1.8940500255386832" rotation="0.0" />
<Block type="RectMedium" material="stone" x="0.93" y="-2.69" rotation="90.0" />
<Block type="SquareTiny" material="stone" x="0.9165907447589597" y="-1.06" rotation="0.0" />
<Block type="RectSmall" material="stone" x="2.168897566480029" y="-1.4553196188670792" rotation="90.0" />
<Block type="RectSmall" material="stone" x="1.9381710256152664" y="-2.45" rotation="90.0" />
<Block type="RectSmall" material="stone" x="0.8216362955493824" y="-1.2603781696984078" rotation="0.0" />
<Block type="RectSmall" material="stone" x="0.8514699413981559" y="-1.6507340288297074" rotation="-135.0" />
<Block type="RectBig" material="ice" x="1.737113322418401" y="-2.1200046911101444" rotation="90.0" />
<Block type="RectSmall" material="ice" x="0.5175639575248692" y="-3.27" rotation="0.0" />
<Block type="RectFat" material="ice" x="1.4370047413692966" y="-3.2897918188790416" rotation="0.0" />
<Block type="RectFat" material="ice" x="2.936165876879528" y="-3.2553771688064583" rotation="0.0" />
</GameObjects>
</Level>
