<?xml version="1.0" encoding="utf-16"?>
<Level width ="2">
<Camera x="0" y="2" minWidth="20" maxWidth="30">
<Birds>
<Bird type="BirdRed"/>
<Bird type="BirdRed"/>
<Bird type="BirdRed"/>
</Birds>
<Slingshot x="-8" y="-2.5">
<GameObjects>
<Block type="RectBig" material="stone" x="2.256748762201147" y="-2.9392068264552367" rotation="0.0" />
<Block type="RectMedium" material="stone" x="2.12" y="-1.9241098087040232" rotation="0.0" />
<Block type="RectMedium" material="stone" x="0.8866732648665817" y="-2.9504063807029937" rotation="90.0" />
<Block type="SquareTiny" material="stone" x="0.9361232538911396" y="-1.1336863562047206" rotation="0.0" />
<Block type="RectSmall" material="stone" x="2.1637603199381505" y="-1.4031370426008842" rotation="90.0" />
<Block type="RectSmall" material="stone" x="2.1735354458069103" y="-2.4092574983919475" rotation="90.0" />
<Block type="RectSmall" material="stone" x="0.8656135076420907" y="-1.4700082367312488" rotation="0.0" />
<Block type="RectSmall" material="stone" x="0.9298264409004319" y="-1.7350947118203202" rotation="-135.0" />
<Block type="RectBig" material="ice" x="1.8505808055305926" y="-2.16" rotation="90.0" />
<Block type="RectSmall" material="ice" x="0.4353125088756139" y="-3.294355256829053" rotation="0.0" />
<Block type="RectFat" material="ice" x="1.6540710351668155" y="-3.2720942814653386" rotation="0.0" />
<Block type="RectFat" material="ice" x="2.7986951327186222" y="-3.2417560904730607" rotation="0.0" />
</GameObjects>
</Level>
