<?xml version="1.0" encoding="utf-16"?>
<Level width ="2">
<Camera x="0" y="2" minWidth="20" maxWidth="30">
<Birds>
<Bird type="BirdRed"/>
<Bird type="BirdRed"/>
<Bird type="BirdRed"/>
</Birds>
<Slingshot x="-8" y="-2.5">
<GameObjects>
<Block type="RectBig" material="stone" x="1.8716394932788647" y="-1.940650709348023" rotation="90.0" />
<Block type="RectMedium" material="stone" x="0.4722021845250624" y="-2.25" rotation="90.0" />
<Block type="RectMedium" material="stone" x="2.3286618692734726" y="-0.7163168980150879" rotation="0.0" />
<Block type="RectSmall" material="stone" x="0.33" y="-1.0807947106703075" rotation="45.0" />
<Block type="RectSmall" material="stone" x="0.9292588197339702" y="-0.7693709462625673" rotation="-45.0" />
<Block type="RectSmall" material="stone" x="0.6202149819674111" y="-1.2902656529310363" rotation="0.0" />
<Block type="RectSmall" material="stone" x="0.844649479942721" y="-2.1165951305035247" rotation="0.0" />
<Block type="RectSmall" material="stone" x="0.7682237972636224" y="-1.6986873344651865" rotation="45.0" />
<Block type="RectSmall" material="stone" x="1.1303440141492012" y="-1.5994166722370704" rotation="90.0" />
<Block type="RectSmall" material="stone" x="0.8011509919439632" y="-2.74" rotation="30.0" />
<Block type="RectSmall" material="stone" x="2.325647802728259" y="-1.0984472171530324" rotation="0.0" />
<Block type="RectSmall" material="stone" x="2.323370332516039" y="-2.0053274764135076" rotation="0.0" />
<Block type="RectSmall" material="stone" x="2.31" y="-2.2598639187040765" rotation="0.0" />
<Block type="RectSmall" material="stone" x="2.3015779644510626" y="-2.959269260255698" rotation="0.0" />
<Block type="RectSmall" material="stone" x="2.8087916548983354" y="-1.49" rotation="90.0" />
<Block type="RectSmall" material="stone" x="2.856913204139568" y="-2.5993286105338615" rotation="90.0" />
<Block type="SquareTiny" material="stone" x="0.67" y="-1.099787011307614" rotation="0.0" />
<Block type="SquareTiny" material="stone" x="2.239621278787704" y="-0.41" rotation="0.0" />
<Block type="RectMedium" material="ice" x="2.363803633467763" y="-0.85" rotation="0.0" />
<Block type="RectFat" material="ice" x="0.6962726975808792" y="-3.313663553907589" rotation="0.0" />
<Block type="RectFat" material="ice" x="1.27" y="-3.031319314091728" rotation="90.0" />
<Block type="RectFat" material="ice" x="1.9784570421952385" y="-3.27" rotation="0.0" />
<Block type="RectFat" material="ice" x="2.81" y="-3.2556697300990467" rotation="0.0" />
</GameObjects>
</Level>
