<?xml version="1.0" encoding="utf-16"?>
<Level width ="2">
<Camera x="0" y="2" minWidth="20" maxWidth="30">
<Birds>
<Bird type="BirdRed"/>
<Bird type="BirdRed"/>
<Bird type="BirdRed"/>
</Birds>
<Slingshot x="-8" y="-2.5">
<GameObjects>
<Block type="RectBig" material="stone" x="0.84" y="-1.285873827307201" rotation="45.0" />
<Block type="RectBig" material="stone" x="2.3893470455894383" y="-1.2432024415443608" rotation="-45.0" />
<Block type="RectMedium" material="stone" x="1.952311929799663" y="-2.6939817442945824" rotation="90.0" />
<Block type="RectSmall" material="stone" x="1.62" y="-1.3439138483404407" rotation="0.0" />
<Block type="RectSmall" material="stone" x="1.0327357484585271" y="-1.7675553456214563" rotation="0.0" />
<Block type="RectSmall" material="stone" x="0.6805483036741838" y="-2.1423616597324746" rotation="90.0" />
<Block type="RectSmall" material="stone" x="1.47" y="-2.2651226415641017" rotation="90.0" />
<Block type="RectSmall" material="stone" x="1.09" y="-2.546034850724253" rotation="0.0" />
<Block type="RectSmall" material="stone" x="2.19" y="-1.7312671987996606" rotation="0.0" />
<Block type="RectSmall" material="stone" x="2.45" y="-2.18" rotation="76.0" />
<Block type="RectMedium" material="ice" x="1.621169622956224" y="-1.5187166822468574" rotation="0.0" />
<Block type="RectFat" material="ice" x="0.12" y="-2.2191005179059244" rotation="90.0" />
<Block type="RectFat" material="ice" x="0.15234103114051228" y="-3.0870288844109064" rotation="90.0" />
<Block type="RectFat" material="ice" x="1.0162253214392125" y="-3.130037459971882" rotation="90.0" />
<Block type="RectFat" material="ice" x="2.3788935444739403" y="-3.059339977794032" rotation="90.0" />
<Block type="RectFat" material="ice" x="3.12" y="-2.219819271643591" rotation="90.0" />
<Block type="RectFat" material="ice" x="3.1431126019516036" y="-3.06" rotation="90.0" />
</GameObjects>
</Level>
