<?xml version="1.0" encoding="utf-16"?>
<Level width ="2">
<Camera x="0" y="2" minWidth="20" maxWidth="30">
<Birds>
<Bird type="BirdRed"/>
<Bird type="BirdRed"/>
<Bird type="BirdRed"/>
</Birds>
<Slingshot x="-8" y="-2.5">
<GameObjects>
<Block type="RectBig" material="stone" x="2.249249299332913" y="-3.1577843280300564" rotation="0.0" />
<Block type="RectMedium" material="stone" x="2.0541001383811426" y="-1.953400908757102" rotation="0.0" />
<Block type="RectMedium" material="stone" x="0.93" y="-2.65082478794384" rotation="90.0" />
<Block type="SquareTiny" material="stone" x="0.841053041829967" y="-1.0066949066283173" rotation="0.0" />
<Block type="RectSmall" material="stone" x="2.168897566480029" y="-1.4553196188670792" rotation="90.0" />
<Block type="RectSmall" material="stone" x="1.9005766272846747" y="-2.373176106807686" rotation="90.0" />
<Block type="RectSmall" material="stone" x="0.8854304055276582" y="-1.282544777569518" rotation="0.0" />
<Block type="RectSmall" material="stone" x="0.7614175822270071" y="-1.629205491987567" rotation="-135.0" />
<Block type="RectBig" material="ice" x="1.7009348407514562" y="-2.034254536839718" rotation="90.0" />
<Block type="RectSmall" material="ice" x="0.5305944268019812" y="-3.402931362670349" rotation="0.0" />
<Block type="RectFat" material="ice" x="1.4212695836315905" y="-3.2897918188790416" rotation="0.0" />
<Block type="RectFat" material="ice" x="2.9512281213363667" y="-3.2553771688064583" rotation="0.0" />
</GameObjects>
</Level>
