<?xml version="1.0" encoding="utf-16"?>
<Level width ="2">
<Camera x="0" y="2" minWidth="20" maxWidth="30">
<Birds>
<Bird type="BirdRed"/>
<Bird type="BirdRed"/>
<Bird type="BirdRed"/>
</Birds>
<Slingshot x="-8" y="-2.5">
<GameObjects>
<Block type="RectBig" material="stone" x="1.76" y="-2.0" rotation="90.0" />
<Block type="RectMedium" material="stone" x="0.4135745210041341" y="-2.1384543624994232" rotation="90.0" />
<Block type="RectMedium" material="stone" x="2.3389955955938317" y="-0.6721970535056145" rotation="0.0" />
<Block type="RectSmall" material="stone" x="0.35724674907675374" y="-0.9730537911536238" rotation="45.0" />
<Block type="RectSmall" material="stone" x="0.9985483327119097" y="-0.8121317278595096" rotation="-45.0" />
<Block type="RectSmall" material="stone" x="0.6030282021289654" y="-1.3453344706403514" rotation="0.0" />
<Block type="RectSmall" material="stone" x="0.7355772936060785" y="-2.17473222969406" rotation="0.0" />
<Block type="RectSmall" material="stone" x="0.7985432962327161" y="-1.6590190853562066" rotation="45.0" />
<Block type="RectSmall" material="stone" x="1.19" y="-1.7002544677450016" rotation="90.0" />
<Block type="RectSmall" material="stone" x="0.8878258896382021" y="-2.74" rotation="30.0" />
<Block type="RectSmall" material="stone" x="2.37300813449733" y="-1.1240933424321318" rotation="0.0" />
<Block type="RectSmall" material="stone" x="2.344885562997496" y="-1.9811060094615198" rotation="0.0" />
<Block type="RectSmall" material="stone" x="2.31" y="-2.2919685373593377" rotation="0.0" />
<Block type="RectSmall" material="stone" x="2.32" y="-2.9499237221922208" rotation="0.0" />
<Block type="RectSmall" material="stone" x="2.708328467721142" y="-1.4302307232855132" rotation="90.0" />
<Block type="RectSmall" material="stone" x="2.83" y="-2.5116009665637264" rotation="90.0" />
<Block type="SquareTiny" material="stone" x="0.67" y="-1.0169073608332622" rotation="0.0" />
<Block type="SquareTiny" material="stone" x="2.3700753528777385" y="-0.4409795770735682" rotation="0.0" />
<Block type="RectMedium" material="ice" x="2.276403263263468" y="-0.85" rotation="0.0" />
<Block type="RectFat" material="ice" x="0.5263954358789467" y="-3.2689823314898794" rotation="0.0" />
<Block type="RectFat" material="ice" x="1.343760774283635" y="-3.1372514883866955" rotation="90.0" />
<Block type="RectFat" material="ice" x="1.9605396660974401" y="-3.2455594225478923" rotation="0.0" />
<Block type="RectFat" material="ice" x="2.846414503363667" y="-3.2684139773630347" rotation="0.0" />
</GameObjects>
</Level>
