<?xml version="1.0" encoding="utf-16"?>
<Level width ="2">
<Camera x="0" y="2" minWidth="20" maxWidth="30">
<Birds>
<Bird type="BirdRed"/>
<Bird type="BirdRed"/>
<Bird type="BirdRed"/>
</Birds>
<Slingshot x="-8" y="-2.5">
<GameObjects>
<Block type="RectBig" material="stone" x="1.9160892352380934" y="-2.112672024493931" rotation="90.0" />
<Block type="RectMedium" material="stone" x="0.31158797401128385" y="-2.181812339516733" rotation="90.0" />
<Block type="RectMedium" material="stone" x="2.2085907413327868" y="-0.6976318402051693" rotation="0.0" />
<Block type="RectSmall" material="stone" x="0.3183548280864033" y="-0.9401445714920486" rotation="45.0" />
<Block type="RectSmall" material="stone" x="0.8186163792186182" y="-0.9740670980499795" rotation="-45.0" />
<Block type="RectSmall" material="stone" x="0.7111399094044527" y="-1.240363961473649" rotation="0.0" />
<Block type="RectSmall" material="stone" x="0.7903726584067972" y="-2.257749864228486" rotation="0.0" />
<Block type="RectSmall" material="stone" x="0.8154724419612825" y="-1.662093097499253" rotation="45.0" />
<Block type="RectSmall" material="stone" x="1.171318567684917" y="-1.608427344529698" rotation="90.0" />
<Block type="RectSmall" material="stone" x="0.8476010708003544" y="-2.64933211754089" rotation="30.0" />
<Block type="RectSmall" material="stone" x="2.3897579878386126" y="-1.0021315333010798" rotation="0.0" />
<Block type="RectSmall" material="stone" x="2.532023082138304" y="-1.9460416484648202" rotation="0.0" />
<Block type="RectSmall" material="stone" x="2.3235867615627575" y="-2.2259352106827754" rotation="0.0" />
<Block type="RectSmall" material="stone" x="2.4359232771043304" y="-3.007750548148004" rotation="0.0" />
<Block type="RectSmall" material="stone" x="2.6989348451329778" y="-1.3954847856606798" rotation="90.0" />
<Block type="RectSmall" material="stone" x="2.922101407719121" y="-2.6455992126593846" rotation="90.0" />
<Block type="SquareTiny" material="stone" x="0.7805193344301882" y="-1.0629179203450314" rotation="0.0" />
<Block type="SquareTiny" material="stone" x="2.2891023616309947" y="-0.22362696203141713" rotation="0.0" />
<Block type="RectMedium" material="ice" x="2.4991858836365592" y="-0.979432063909247" rotation="0.0" />
<Block type="RectFat" material="ice" x="0.6896072942211718" y="-3.3341753661710976" rotation="0.0" />
<Block type="RectFat" material="ice" x="1.31460453600462" y="-3.0014000509883756" rotation="90.0" />
<Block type="RectFat" material="ice" x="2.0298863086467316" y="-3.352336536528705" rotation="0.0" />
<Block type="RectFat" material="ice" x="2.6960030645129844" y="-3.3745383505420676" rotation="0.0" />
</GameObjects>
</Level>
