<?xml version="1.0" encoding="utf-16"?>
<Level width ="2">
<Camera x="0" y="2" minWidth="20" maxWidth="30">
<Birds>
<Bird type="BirdRed"/>
<Bird type="BirdRed"/>
<Bird type="BirdRed"/>
</Birds>
<Slingshot x="-8" y="-2.5">
<GameObjects>
<Block type="RectBig" material="stone" x="1.76" y="-2.0" rotation="90.0" />
<Block type="RectMedium" material="stone" x="0.38094569092476804" y="-2.25" rotation="90.0" />
<Block type="RectMedium" material="stone" x="2.248970586936499" y="-0.5762843860250155" rotation="0.0" />
<Block type="RectSmall" material="stone" x="0.4273806836411509" y="-0.9921832084274546" rotation="45.0" />
<Block type="RectSmall" material="stone" x="0.92" y="-0.77" rotation="-45.0" />
<Block type="RectSmall" material="stone" x="0.7267872900082979" y="-1.2951721919211483" rotation="0.0" />
<Block type="RectSmall" material="stone" x="0.82" y="-2.15" rotation="0.0" />
<Block type="RectSmall" material="stone" x="0.634280636959418" y="-1.686547913727209" rotation="45.0" />
<Block type="RectSmall" material="stone" x="1.19" y="-1.7454258231718252" rotation="90.0" />
<Block type="RectSmall" material="stone" x="0.8344604129116987" y="-2.669135369750808" rotation="30.0" />
<Block type="RectSmall" material="stone" x="2.34" y="-1.0765478207426071" rotation="0.0" />
<Block type="RectSmall" material="stone" x="2.33" y="-1.97" rotation="0.0" />
<Block type="RectSmall" material="stone" x="2.284998937666953" y="-2.24" rotation="0.0" />
<Block type="RectSmall" material="stone" x="2.32" y="-2.93" rotation="0.0" />
<Block type="RectSmall" material="stone" x="2.77" y="-1.49" rotation="90.0" />
<Block type="RectSmall" material="stone" x="2.83" y="-2.56" rotation="90.0" />
<Block type="SquareTiny" material="stone" x="0.67" y="-1.09" rotation="0.0" />
<Block type="SquareTiny" material="stone" x="2.3" y="-0.5091746113703861" rotation="0.0" />
<Block type="RectMedium" material="ice" x="2.34" y="-0.7812042224070093" rotation="0.0" />
<Block type="RectFat" material="ice" x="0.59" y="-3.2302694249478665" rotation="0.0" />
<Block type="RectFat" material="ice" x="1.2957559999849617" y="-3.06" rotation="90.0" />
<Block type="RectFat" material="ice" x="1.8701069165981483" y="-3.27" rotation="0.0" />
<Block type="RectFat" material="ice" x="2.767521517042506" y="-3.27" rotation="0.0" />
</GameObjects>
</Level>
