<?xml version="1.0" encoding="utf-16"?>
<Level width ="2">
<Camera x="0" y="2" minWidth="20" maxWidth="30">
<Birds>
<Bird type="BirdRed"/>
<Bird type="BirdRed"/>
<Bird type="BirdRed"/>
</Birds>
<Slingshot x="-8" y="-2.5">
<GameObjects>
<Block type="RectBig" material="stone" x="2.22051813328325" y="-2.98" rotation="0.0" />
<Block type="RectMedium" material="stone" x="2.12" y="-1.9440646018296794" rotation="0.0" />
<Block type="RectMedium" material="stone" x="0.93" y="-2.69" rotation="90.0" />
<Block type="SquareTiny" material="stone" x="0.9838903245862208" y="-1.06" rotation="0.0" />
<Block type="RectSmall" material="stone" x="2.1377158483013394" y="-1.367252157723243" rotation="90.0" />
<Block type="RectSmall" material="stone" x="2.11" y="-2.45" rotation="90.0" />
<Block type="RectSmall" material="stone" x="0.8834590536943736" y="-1.3553216395458119" rotation="0.0" />
<Block type="RectSmall" material="stone" x="0.85" y="-1.641386062495119" rotation="-135.0" />
<Block type="RectBig" material="ice" x="1.75" y="-2.16" rotation="90.0" />
<Block type="RectSmall" material="ice" x="0.40368464803577175" y="-3.27" rotation="0.0" />
<Block type="RectFat" material="ice" x="1.4928766061916476" y="-3.27" rotation="0.0" />
<Block type="RectFat" material="ice" x="2.7149450603512304" y="-3.27" rotation="0.0" />
</GameObjects>
</Level>
