<?xml version="1.0" encoding="utf-16"?>
<Level width ="2">
<Camera x="0" y="2" minWidth="20" maxWidth="30">
<Birds>
<Bird type="BirdRed"/>
<Bird type="BirdRed"/>
<Bird type="BirdRed"/>
</Birds>
<Slingshot x="-8" y="-2.5">
<GameObjects>
<Block type="RectBig" material="stone" x="1.8123381247091002" y="-2.0" rotation="90.0" />
<Block type="RectMedium" material="stone" x="0.31" y="-2.25" rotation="90.0" />
<Block type="RectMedium" material="stone" x="2.3388270085039737" y="-0.64" rotation="0.0" />
<Block type="RectSmall" material="stone" x="0.4055790419723903" y="-0.9478720432851018" rotation="45.0" />
<Block type="RectSmall" material="stone" x="0.9932702740343129" y="-0.8034486162820781" rotation="-45.0" />
<Block type="RectSmall" material="stone" x="0.66" y="-1.3" rotation="0.0" />
<Block type="RectSmall" material="stone" x="0.82" y="-2.1467333786554246" rotation="0.0" />
<Block type="RectSmall" material="stone" x="0.7729562091263923" y="-1.73" rotation="45.0" />
<Block type="RectSmall" material="stone" x="1.19" y="-1.65" rotation="90.0" />
<Block type="RectSmall" material="stone" x="0.8680617330169995" y="-2.7155726647147254" rotation="30.0" />
<Block type="RectSmall" material="stone" x="2.34" y="-1.04" rotation="0.0" />
<Block type="RectSmall" material="stone" x="2.33" y="-2.02378926992219" rotation="0.0" />
<Block type="RectSmall" material="stone" x="2.343680658116269" y="-2.24" rotation="0.0" />
<Block type="RectSmall" material="stone" x="2.316092075525793" y="-2.9836764909768974" rotation="0.0" />
<Block type="RectSmall" material="stone" x="2.77" y="-1.550469534788319" rotation="90.0" />
<Block type="RectSmall" material="stone" x="2.855799690998093" y="-2.56" rotation="90.0" />
<Block type="SquareTiny" material="stone" x="0.67" y="-1.0265742163324014" rotation="0.0" />
<Block type="SquareTiny" material="stone" x="2.3" y="-0.44548192567299405" rotation="0.0" />
<Block type="RectMedium" material="ice" x="2.3837628606927255" y="-0.85" rotation="0.0" />
<Block type="RectFat" material="ice" x="0.5794775745926745" y="-3.27" rotation="0.0" />
<Block type="RectFat" material="ice" x="1.27" y="-3.06" rotation="90.0" />
<Block type="RectFat" material="ice" x="1.93" y="-3.27" rotation="0.0" />
<Block type="RectFat" material="ice" x="2.8946840700926018" y="-3.313267578480035" rotation="0.0" />
</GameObjects>
</Level>
