<?xml version="1.0" encoding="utf-16"?>
<Level width ="2">
<Camera x="0" y="2" minWidth="20" maxWidth="30">
<Birds>
<Bird type="BirdRed"/>
<Bird type="BirdRed"/>
<Bird type="BirdRed"/>
</Birds>
<Slingshot x="-8" y="-2.5">
<GameObjects>
<Block type="RectBig" material="stone" x="1.783353119753344" y="-1.196010989305139" rotation="0.0" />
<Block type="RectMedium" material="stone" x="1.75" y="-1.9442008102393806" rotation="0.0" />
<Block type="RectMedium" material="stone" x="2.06" y="-2.94" rotation="0.0" />
<Block type="SquareTiny" material="stone" x="1.75" y="-1.7247086036025523" rotation="0.0" />
<Block type="SquareTiny" material="stone" x="1.7581132183648562" y="-1.4730212500953863" rotation="0.0" />
<Block type="SquareTiny" material="stone" x="1.75" y="-1.0433771315982843" rotation="0.0" />
<Block type="SquareTiny" material="stone" x="1.736165769347377" y="-0.88" rotation="0.0" />
<Block type="RectSmall" material="stone" x="0.53" y="-2.5788228376126954" rotation="60.0" />
<Block type="RectSmall" material="stone" x="1.0515037326909291" y="-2.6017163929449953" rotation="-60.0" />
<Block type="RectSmall" material="stone" x="2.03" y="-2.54" rotation="-30.0" />
<Block type="RectSmall" material="stone" x="2.898298696618592" y="-2.603188973867504" rotation="-60.0" />
<Block type="RectBig" material="ice" x="1.6859752129798413" y="-2.129144431836066" rotation="0.0" />
<Block type="RectSmall" material="ice" x="1.6120423897359537" y="-2.737776031500498" rotation="0.0" />
<Block type="RectFat" material="ice" x="0.5896855291103253" y="-3.2922146799285157" rotation="0.0" />
<Block type="RectFat" material="ice" x="1.434298700689123" y="-3.27" rotation="0.0" />
<Block type="RectFat" material="ice" x="2.8134629464689027" y="-3.27" rotation="0.0" />
</GameObjects>
</Level>
