<?xml version="1.0" encoding="utf-16"?>
<Level width ="2">
<Camera x="0" y="2" minWidth="20" maxWidth="30">
<Birds>
<Bird type="BirdRed"/>
<Bird type="BirdRed"/>
<Bird type="BirdRed"/>
</Birds>
<Slingshot x="-8" y="-2.5">
<GameObjects>
<Block type="RectBig" material="stone" x="2.2904729190579047" y="-3.0892577772019005" rotation="0.0" />
<Block type="RectMedium" material="stone" x="2.1285085761284273" y="-1.9452818867343074" rotation="0.0" />
<Block type="RectMedium" material="stone" x="0.8640125315679109" y="-2.74347993846395" rotation="90.0" />
<Block type="SquareTiny" material="stone" x="0.8999077267323119" y="-1.1957251995677651" rotation="0.0" />
<Block type="RectSmall" material="stone" x="2.1916100823123763" y="-1.3610798251416738" rotation="90.0" />
<Block type="RectSmall" material="stone" x="2.1813122434660297" y="-2.538591055750725" rotation="90.0" />
<Block type="RectSmall" material="stone" x="0.8626005082595777" y="-1.4986314187059733" rotation="0.0" />
<Block type="RectSmall" material="stone" x="0.8533710969174233" y="-1.67923962868593" rotation="-135.0" />
<Block type="RectBig" material="ice" x="1.7585654389706553" y="-2.1456623251368807" rotation="90.0" />
<Block type="RectSmall" material="ice" x="0.3606726116045441" y="-3.2498536157876634" rotation="0.0" />
<Block type="RectFat" material="ice" x="1.4572628130844436" y="-3.2148284081707232" rotation="0.0" />
<Block type="RectFat" material="ice" x="2.7869522477932036" y="-3.2971182963868237" rotation="0.0" />
</GameObjects>
</Level>
