<?xml version="1.0" encoding="utf-16"?>
<Level width ="2">
<Camera x="0" y="2" minWidth="20" maxWidth="30">
<Birds>
<Bird type="BirdRed"/>
<Bird type="BirdRed"/>
<Bird type="BirdRed"/>
</Birds>
<Slingshot x="-8" y="-2.5">
<GameObjects>
<Block type="RectBig" material="stone" x="1.5176938332892786" y="-2.0151998613940267" rotation="0.0" />
<Block type="RectSmall" material="stone" x="2.0359677940125556" y="-2.8166457914479253" rotation="75.0" />
<Block type="RectSmall" material="stone" x="0.9932120095069569" y="-2.811" rotation="105.0" />
<Block type="RectSmall" material="stone" x="2.275" y="-3.353295987742695" rotation="0.0" />
<Block type="RectSmall" material="stone" x="1.506124542601327" y="-1.4750607552416533" rotation="90.0" />
<Block type="RectMedium" material="stone" x="1.02986000493322" y="-3.44894368954626" rotation="0.0" />
<Block type="RectMedium" material="ice" x="1.546690972987242" y="-2.231" rotation="0.0" />
<Block type="RectFat" material="ice" x="2.584796404994789" y="-3.040826821914233" rotation="0.0" />
<Block type="RectFat" material="ice" x="0.45777245207517014" y="-3.059857684427161" rotation="0.0" />
</GameObjects>
</Level>
