<?xml version="1.0" encoding="utf-16"?>
<Level width ="2">
<Camera x="0" y="2" minWidth="20" maxWidth="30">
<Birds>
<Bird type="BirdRed"/>
<Bird type="BirdRed"/>
<Bird type="BirdRed"/>
</Birds>
<Slingshot x="-8" y="-2.5">
<GameObjects>
<Block type="RectBig" material="stone" x="2.3425120656950638" y="-3.0517071286693076" rotation="0.0" />
<Block type="RectMedium" material="stone" x="2.0794450047769995" y="-1.9452818867343074" rotation="0.0" />
<Block type="RectMedium" material="stone" x="0.8640125315679109" y="-2.738790865668175" rotation="90.0" />
<Block type="SquareTiny" material="stone" x="0.8326496149755289" y="-1.2786565115693695" rotation="0.0" />
<Block type="RectSmall" material="stone" x="2.1916100823123763" y="-1.250055272694043" rotation="90.0" />
<Block type="RectSmall" material="stone" x="2.1813122434660297" y="-2.504284783808506" rotation="90.0" />
<Block type="RectSmall" material="stone" x="0.8626005082595777" y="-1.4986314187059733" rotation="0.0" />
<Block type="RectSmall" material="stone" x="0.8533710969174233" y="-1.6499733641971996" rotation="-135.0" />
<Block type="RectBig" material="ice" x="1.7585654389706553" y="-2.1399188952837864" rotation="90.0" />
<Block type="RectSmall" material="ice" x="0.3606726116045441" y="-3.2498536157876634" rotation="0.0" />
<Block type="RectFat" material="ice" x="1.4572628130844436" y="-3.2007698052958444" rotation="0.0" />
<Block type="RectFat" material="ice" x="2.7015368693261634" y="-3.2503535253486344" rotation="0.0" />
</GameObjects>
</Level>
