<?xml version="1.0" encoding="utf-16"?>
<Level width ="2">
<Camera x="0" y="2" minWidth="20" maxWidth="30">
<Birds>
<Bird type="BirdRed"/>
<Bird type="BirdRed"/>
<Bird type="BirdRed"/>
</Birds>
<Slingshot x="-8" y="-2.5">
<GameObjects>
<Block type="RectBig" material="stone" x="1.677754563489326" y="-2.030576606891201" rotation="90.0" />
<Block type="RectMedium" material="stone" x="0.31" y="-2.208572939904085" rotation="90.0" />
<Block type="RectMedium" material="stone" x="2.3641903395651327" y="-0.643839584980583" rotation="0.0" />
<Block type="RectSmall" material="stone" x="0.27557457949415914" y="-1.0128211736513804" rotation="45.0" />
<Block type="RectSmall" material="stone" x="0.92" y="-0.6730926436725693" rotation="-45.0" />
<Block type="RectSmall" material="stone" x="0.6289575213660064" y="-1.250225566821161" rotation="0.0" />
<Block type="RectSmall" material="stone" x="0.7664580855090187" y="-2.1610902224793676" rotation="0.0" />
<Block type="RectSmall" material="stone" x="0.8654277732788936" y="-1.6873754000592485" rotation="45.0" />
<Block type="RectSmall" material="stone" x="1.1134865542962205" y="-1.5389978025277222" rotation="90.0" />
<Block type="RectSmall" material="stone" x="0.7777029776708295" y="-2.634551894773253" rotation="30.0" />
<Block type="RectSmall" material="stone" x="2.3884465153152776" y="-1.04" rotation="0.0" />
<Block type="RectSmall" material="stone" x="2.3653925026595615" y="-2.0600819759971207" rotation="0.0" />
<Block type="RectSmall" material="stone" x="2.2963901911217857" y="-2.3590431889917207" rotation="0.0" />
<Block type="RectSmall" material="stone" x="2.3899576129958104" y="-2.93" rotation="0.0" />
<Block type="RectSmall" material="stone" x="2.7259450803990917" y="-1.5785391827712314" rotation="90.0" />
<Block type="RectSmall" material="stone" x="2.7860963332207547" y="-2.5635413890013634" rotation="90.0" />
<Block type="SquareTiny" material="stone" x="0.7449923929583329" y="-1.074286770116494" rotation="0.0" />
<Block type="SquareTiny" material="stone" x="2.2355821666902957" y="-0.4218997412573029" rotation="0.0" />
<Block type="RectMedium" material="ice" x="2.261453272779708" y="-0.7924232593667451" rotation="0.0" />
<Block type="RectFat" material="ice" x="0.5117631717454421" y="-3.27" rotation="0.0" />
<Block type="RectFat" material="ice" x="1.27" y="-3.112464372478058" rotation="90.0" />
<Block type="RectFat" material="ice" x="1.9212049315077575" y="-3.27" rotation="0.0" />
<Block type="RectFat" material="ice" x="2.8661843695606692" y="-3.308855989808977" rotation="0.0" />
</GameObjects>
</Level>
