<?xml version="1.0" encoding="utf-16"?>
<Level width ="2">
<Camera x="0" y="2" minWidth="20" maxWidth="30">
<Birds>
<Bird type="BirdRed"/>
<Bird type="BirdRed"/>
<Bird type="BirdRed"/>
</Birds>
<Slingshot x="-8" y="-2.5">
<GameObjects>
<Block type="RectBig" material="stone" x="1.76" y="-1.961553695248694" rotation="90.0" />
<Block type="RectMedium" material="stone" x="0.36647779457935203" y="-2.211971885056335" rotation="90.0" />
<Block type="RectMedium" material="stone" x="2.336215835918965" y="-0.7116555933449681" rotation="0.0" />
<Block type="RectSmall" material="stone" x="0.3535486651690357" y="-0.886772569864266" rotation="45.0" />
<Block type="RectSmall" material="stone" x="0.9836491548308713" y="-0.8525791049915448" rotation="-45.0" />
<Block type="RectSmall" material="stone" x="0.7367452120865917" y="-1.3043840288085673" rotation="0.0" />
<Block type="RectSmall" material="stone" x="0.7808435607717057" y="-2.171700346601867" rotation="0.0" />
<Block type="RectSmall" material="stone" x="0.8204883541313825" y="-1.78827373236725" rotation="45.0" />
<Block type="RectSmall" material="stone" x="1.1884949642447535" y="-1.6879736387571147" rotation="90.0" />
<Block type="RectSmall" material="stone" x="0.7568844805208347" y="-2.707428444649638" rotation="30.0" />
<Block type="RectSmall" material="stone" x="2.358534068087084" y="-1.1109429897369707" rotation="0.0" />
<Block type="RectSmall" material="stone" x="2.3119798053446132" y="-2.0678748570315117" rotation="0.0" />
<Block type="RectSmall" material="stone" x="2.321627242975774" y="-2.2924044850176277" rotation="0.0" />
<Block type="RectSmall" material="stone" x="2.32" y="-2.9480004466689085" rotation="0.0" />
<Block type="RectSmall" material="stone" x="2.7332127922314524" y="-1.439743672515409" rotation="90.0" />
<Block type="RectSmall" material="stone" x="2.8126651437173966" y="-2.597568879116555" rotation="90.0" />
<Block type="SquareTiny" material="stone" x="0.6949288497346587" y="-1.0263640190890506" rotation="0.0" />
<Block type="SquareTiny" material="stone" x="2.330409785619406" y="-0.45820641327111294" rotation="0.0" />
<Block type="RectMedium" material="ice" x="2.310289545112018" y="-0.9912639899169998" rotation="0.0" />
<Block type="RectFat" material="ice" x="0.6358804183513769" y="-3.2500618263685883" rotation="0.0" />
<Block type="RectFat" material="ice" x="1.2704414524364256" y="-3.0990796915413994" rotation="90.0" />
<Block type="RectFat" material="ice" x="1.861920859633429" y="-3.355970499364877" rotation="0.0" />
<Block type="RectFat" material="ice" x="2.791737292622048" y="-3.258999646371742" rotation="0.0" />
</GameObjects>
</Level>
