<?xml version="1.0" encoding="utf-16"?>
<Level width ="2">
<Camera x="0" y="2" minWidth="20" maxWidth="30">
<Birds>
<Bird type="BirdRed"/>
<Bird type="BirdRed"/>
<Bird type="BirdRed"/>
</Birds>
<Slingshot x="-8" y="-2.5">
<GameObjects>
<Block type="RectBig" material="stone" x="1.8580577045924533" y="-1.93917928641777" rotation="90.0" />
<Block type="RectMedium" material="stone" x="0.37342518386945855" y="-2.2917119345266097" rotation="90.0" />
<Block type="RectMedium" material="stone" x="2.3517529214910144" y="-0.7019613930079787" rotation="0.0" />
<Block type="RectSmall" material="stone" x="0.2582995297635719" y="-0.898680862730237" rotation="45.0" />
<Block type="RectSmall" material="stone" x="0.9017215859518248" y="-0.8439509127770647" rotation="-45.0" />
<Block type="RectSmall" material="stone" x="0.671499003450745" y="-1.2274077627562954" rotation="0.0" />
<Block type="RectSmall" material="stone" x="0.8620781324976738" y="-2.052186276851" rotation="0.0" />
<Block type="RectSmall" material="stone" x="0.7272160089498295" y="-1.7374068396009577" rotation="45.0" />
<Block type="RectSmall" material="stone" x="1.19" y="-1.65" rotation="90.0" />
<Block type="RectSmall" material="stone" x="0.8256581991802187" y="-2.6599487199137193" rotation="30.0" />
<Block type="RectSmall" material="stone" x="2.34" y="-0.940201282270513" rotation="0.0" />
<Block type="RectSmall" material="stone" x="2.3290555871407705" y="-1.97" rotation="0.0" />
<Block type="RectSmall" material="stone" x="2.2243610292786404" y="-2.1795211235181533" rotation="0.0" />
<Block type="RectSmall" material="stone" x="2.32" y="-2.91853693552892" rotation="0.0" />
<Block type="RectSmall" material="stone" x="2.77" y="-1.4964774925538955" rotation="90.0" />
<Block type="RectSmall" material="stone" x="2.83" y="-2.4711458056288276" rotation="90.0" />
<Block type="SquareTiny" material="stone" x="0.67" y="-1.096104325795988" rotation="0.0" />
<Block type="SquareTiny" material="stone" x="2.3" y="-0.4108969642841635" rotation="0.0" />
<Block type="RectMedium" material="ice" x="2.3316378330981813" y="-0.774340337016685" rotation="0.0" />
<Block type="RectFat" material="ice" x="0.59" y="-3.2606461052950118" rotation="0.0" />
<Block type="RectFat" material="ice" x="1.1701486112098756" y="-2.965878582421674" rotation="90.0" />
<Block type="RectFat" material="ice" x="1.9570989517586936" y="-3.27" rotation="0.0" />
<Block type="RectFat" material="ice" x="2.81" y="-3.2565802068904204" rotation="0.0" />
</GameObjects>
</Level>
