<?xml version="1.0" encoding="utf-16"?>
<Level width ="2">
<Camera x="0" y="2" minWidth="20" maxWidth="30">
<Birds>
<Bird type="BirdRed"/>
<Bird type="BirdRed"/>
<Bird type="BirdRed"/>
</Birds>
<Slingshot x="-8" y="-2.5">
<GameObjects>
<Block type="RectBig" material="stone" x="1.8284632265933518" y="-2.0" rotation="90.0" />
<Block type="RectMedium" material="stone" x="0.31" y="-2.3442234254367635" rotation="90.0" />
<Block type="RectMedium" material="stone" x="2.32" y="-0.5759344819806405" rotation="0.0" />
<Block type="RectSmall" material="stone" x="0.33" y="-0.9467423776926922" rotation="45.0" />
<Block type="RectSmall" material="stone" x="0.92" y="-0.7830074542286799" rotation="-45.0" />
<Block type="RectSmall" material="stone" x="0.66" y="-1.3" rotation="0.0" />
<Block type="RectSmall" material="stone" x="0.82" y="-2.15" rotation="0.0" />
<Block type="RectSmall" material="stone" x="0.73" y="-1.73" rotation="45.0" />
<Block type="RectSmall" material="stone" x="1.19" y="-1.65" rotation="90.0" />
<Block type="RectSmall" material="stone" x="0.81" y="-2.689532639996184" rotation="30.0" />
<Block type="RectSmall" material="stone" x="2.295811225126068" y="-1.04" rotation="0.0" />
<Block type="RectSmall" material="stone" x="2.4249506563416303" y="-1.97" rotation="0.0" />
<Block type="RectSmall" material="stone" x="2.31" y="-2.24" rotation="0.0" />
<Block type="RectSmall" material="stone" x="2.32" y="-2.93" rotation="0.0" />
<Block type="RectSmall" material="stone" x="2.77" y="-1.49" rotation="90.0" />
<Block type="RectSmall" material="stone" x="2.83" y="-2.6044531921713054" rotation="90.0" />
<Block type="SquareTiny" material="stone" x="0.67" y="-1.09" rotation="0.0" />
<Block type="SquareTiny" material="stone" x="2.3" y="-0.41" rotation="0.0" />
<Block type="RectMedium" material="ice" x="2.34" y="-0.85" rotation="0.0" />
<Block type="RectFat" material="ice" x="0.59" y="-3.27" rotation="0.0" />
<Block type="RectFat" material="ice" x="1.27" y="-3.06" rotation="90.0" />
<Block type="RectFat" material="ice" x="1.93" y="-3.27" rotation="0.0" />
<Block type="RectFat" material="ice" x="2.81" y="-3.2790658749256116" rotation="0.0" />
</GameObjects>
</Level>
