<?xml version="1.0" encoding="utf-16"?>
<Level width ="2">
<Camera x="0" y="2" minWidth="20" maxWidth="30">
<Birds>
<Bird type="BirdRed"/>
<Bird type="BirdRed"/>
<Bird type="BirdRed"/>
</Birds>
<Slingshot x="-8" y="-2.5">
<GameObjects>
<Block type="RectBig" material="stone" x="2.313886630675674" y="-2.945769189497628" rotation="0.0" />
<Block type="RectMedium" material="stone" x="2.108014527081865" y="-1.9241098087040232" rotation="0.0" />
<Block type="RectMedium" material="stone" x="0.8738481253429646" y="-2.8695418816185128" rotation="90.0" />
<Block type="SquareTiny" material="stone" x="0.8482162440939559" y="-1.1310362091781712" rotation="0.0" />
<Block type="RectSmall" material="stone" x="2.1916100823123763" y="-1.3802485175037036" rotation="90.0" />
<Block type="RectSmall" material="stone" x="2.1735354458069103" y="-2.399329903525339" rotation="90.0" />
<Block type="RectSmall" material="stone" x="0.8377774967842948" y="-1.5361905315671003" rotation="0.0" />
<Block type="RectSmall" material="stone" x="0.9394382021610838" y="-1.7366468986478207" rotation="-135.0" />
<Block type="RectBig" material="ice" x="1.7585654389706553" y="-2.1644983349464306" rotation="90.0" />
<Block type="RectSmall" material="ice" x="0.3985698838822166" y="-3.244904218720113" rotation="0.0" />
<Block type="RectFat" material="ice" x="1.5295573466159391" y="-3.2720942814653386" rotation="0.0" />
<Block type="RectFat" material="ice" x="2.9120622277939368" y="-3.3212193557482466" rotation="0.0" />
</GameObjects>
</Level>
