<?xml version="1.0" encoding="utf-16"?>
<Level width ="2">
<Camera x="0" y="2" minWidth="20" maxWidth="30">
<Birds>
<Bird type="BirdRed"/>
<Bird type="BirdRed"/>
<Bird type="BirdRed"/>
</Birds>
<Slingshot x="-8" y="-2.5">
<GameObjects>
<Block type="RectBig" material="stone" x="1.76" y="-2.0531408145361185" rotation="90.0" />
<Block type="RectMedium" material="stone" x="0.2360448302813971" y="-2.25" rotation="90.0" />
<Block type="RectMedium" material="stone" x="2.3929613427888317" y="-0.7350501843775632" rotation="0.0" />
<Block type="RectSmall" material="stone" x="0.3073783843390408" y="-0.95" rotation="45.0" />
<Block type="RectSmall" material="stone" x="0.92" y="-0.8361416016320432" rotation="-45.0" />
<Block type="RectSmall" material="stone" x="0.6669172709456919" y="-1.2658907467074525" rotation="0.0" />
<Block type="RectSmall" material="stone" x="0.8416817271988113" y="-2.1580694935683162" rotation="0.0" />
<Block type="RectSmall" material="stone" x="0.7586231957186468" y="-1.8209981312636174" rotation="45.0" />
<Block type="RectSmall" material="stone" x="1.1201967051193296" y="-1.6922496289863365" rotation="90.0" />
<Block type="RectSmall" material="stone" x="0.81" y="-2.7212268558218886" rotation="30.0" />
<Block type="RectSmall" material="stone" x="2.34" y="-1.1907189910369658" rotation="0.0" />
<Block type="RectSmall" material="stone" x="2.368422866085932" y="-1.97" rotation="0.0" />
<Block type="RectSmall" material="stone" x="2.2680741100557804" y="-2.1625712084239095" rotation="0.0" />
<Block type="RectSmall" material="stone" x="2.314529403127917" y="-2.93" rotation="0.0" />
<Block type="RectSmall" material="stone" x="2.787933547773197" y="-1.4061123371115618" rotation="90.0" />
<Block type="RectSmall" material="stone" x="2.8048825410065925" y="-2.6655142172663195" rotation="90.0" />
<Block type="SquareTiny" material="stone" x="0.6183859481918694" y="-1.1397021927552542" rotation="0.0" />
<Block type="SquareTiny" material="stone" x="2.4137173947268717" y="-0.41" rotation="0.0" />
<Block type="RectMedium" material="ice" x="2.3376062262479267" y="-0.85" rotation="0.0" />
<Block type="RectFat" material="ice" x="0.6141452579150838" y="-3.2764672793409972" rotation="0.0" />
<Block type="RectFat" material="ice" x="1.3036836221812123" y="-3.06" rotation="90.0" />
<Block type="RectFat" material="ice" x="1.9322534469229813" y="-3.3324488235295386" rotation="0.0" />
<Block type="RectFat" material="ice" x="2.7209078945339376" y="-3.265081317331552" rotation="0.0" />
</GameObjects>
</Level>
