<?xml version="1.0" encoding="utf-16"?>
<Level width ="2">
<Camera x="0" y="2" minWidth="20" maxWidth="30">
<Birds>
<Bird type="BirdRed"/>
<Bird type="BirdRed"/>
<Bird type="BirdRed"/>
</Birds>
<Slingshot x="-8" y="-2.5">
<GameObjects>
<Block type="RectBig" material="stone" x="1.754460897345382" y="-2.0757732552088464" rotation="90.0" />
<Block type="RectMedium" material="stone" x="0.40200046734896894" y="-2.279940832376275" rotation="90.0" />
<Block type="RectMedium" material="stone" x="2.4053087373651056" y="-0.6364675032034266" rotation="0.0" />
<Block type="RectSmall" material="stone" x="0.26885336338810223" y="-0.9164783716659799" rotation="45.0" />
<Block type="RectSmall" material="stone" x="0.8630724853204993" y="-0.8316577630592031" rotation="-45.0" />
<Block type="RectSmall" material="stone" x="0.5822791796874905" y="-1.2046212705149866" rotation="0.0" />
<Block type="RectSmall" material="stone" x="0.8044962281440354" y="-2.0453187937656514" rotation="0.0" />
<Block type="RectSmall" material="stone" x="0.6687066460595472" y="-1.797695523349157" rotation="45.0" />
<Block type="RectSmall" material="stone" x="1.1621942301418735" y="-1.6694271448560163" rotation="90.0" />
<Block type="RectSmall" material="stone" x="0.8609663564571254" y="-2.7761335665143645" rotation="30.0" />
<Block type="RectSmall" material="stone" x="2.413690407980998" y="-1.0627119391889128" rotation="0.0" />
<Block type="RectSmall" material="stone" x="2.351885374443827" y="-1.977465907494011" rotation="0.0" />
<Block type="RectSmall" material="stone" x="2.3423740187757933" y="-2.265951939821983" rotation="0.0" />
<Block type="RectSmall" material="stone" x="2.274079905582306" y="-3.027525237592431" rotation="0.0" />
<Block type="RectSmall" material="stone" x="2.7569076803184003" y="-1.5710870756573814" rotation="90.0" />
<Block type="RectSmall" material="stone" x="2.837053578916541" y="-2.624264907558209" rotation="90.0" />
<Block type="SquareTiny" material="stone" x="0.7267307126749031" y="-1.1841498707806548" rotation="0.0" />
<Block type="SquareTiny" material="stone" x="2.188198853769413" y="-0.40332617435090207" rotation="0.0" />
<Block type="RectMedium" material="ice" x="2.330453156254196" y="-0.8264027297410322" rotation="0.0" />
<Block type="RectFat" material="ice" x="0.6004493156146441" y="-3.2624111976996204" rotation="0.0" />
<Block type="RectFat" material="ice" x="1.3185908452737254" y="-2.8697604413858158" rotation="90.0" />
<Block type="RectFat" material="ice" x="1.9023035004606943" y="-3.2278023631505257" rotation="0.0" />
<Block type="RectFat" material="ice" x="2.894668136122098" y="-3.305088246640591" rotation="0.0" />
</GameObjects>
</Level>
