<?xml version="1.0" encoding="utf-16"?>
<Level width ="2">
<Camera x="0" y="2" minWidth="20" maxWidth="30">
<Birds>
<Bird type="BirdRed"/>
<Bird type="BirdRed"/>
<Bird type="BirdRed"/>
</Birds>
<Slingshot x="-8" y="-2.5">
<GameObjects>
<Block type="RectBig" material="stone" x="1.8343398969169504" y="-2.0268539465175333" rotation="90.0" />
<Block type="RectMedium" material="stone" x="0.31" y="-2.142041342734973" rotation="90.0" />
<Block type="RectMedium" material="stone" x="2.32" y="-0.5855386994741066" rotation="0.0" />
<Block type="RectSmall" material="stone" x="0.39043440469569396" y="-0.8900926095089791" rotation="45.0" />
<Block type="RectSmall" material="stone" x="0.9544158802800194" y="-0.77" rotation="-45.0" />
<Block type="RectSmall" material="stone" x="0.66" y="-1.3688851639973023" rotation="0.0" />
<Block type="RectSmall" material="stone" x="0.82" y="-2.128392085393636" rotation="0.0" />
<Block type="RectSmall" material="stone" x="0.73" y="-1.6063484012749771" rotation="45.0" />
<Block type="RectSmall" material="stone" x="1.19" y="-1.749444153838983" rotation="90.0" />
<Block type="RectSmall" material="stone" x="0.8344420119515374" y="-2.7894110129432446" rotation="30.0" />
<Block type="RectSmall" material="stone" x="2.38444729152657" y="-1.1665346588418744" rotation="0.0" />
<Block type="RectSmall" material="stone" x="2.33" y="-1.97" rotation="0.0" />
<Block type="RectSmall" material="stone" x="2.31" y="-2.2188091765093083" rotation="0.0" />
<Block type="RectSmall" material="stone" x="2.325309145004151" y="-2.9795800370735175" rotation="0.0" />
<Block type="RectSmall" material="stone" x="2.712466116508894" y="-1.424887639210902" rotation="90.0" />
<Block type="RectSmall" material="stone" x="2.8230009034230634" y="-2.6132838580888484" rotation="90.0" />
<Block type="SquareTiny" material="stone" x="0.7278466961681578" y="-1.060777523412567" rotation="0.0" />
<Block type="SquareTiny" material="stone" x="2.323480076261539" y="-0.42991733445199953" rotation="0.0" />
<Block type="RectMedium" material="ice" x="2.34" y="-0.85" rotation="0.0" />
<Block type="RectFat" material="ice" x="0.5670696352965209" y="-3.338229068489253" rotation="0.0" />
<Block type="RectFat" material="ice" x="1.2695999587327202" y="-3.0118852663674582" rotation="90.0" />
<Block type="RectFat" material="ice" x="1.9964457554665183" y="-3.2686443956626743" rotation="0.0" />
<Block type="RectFat" material="ice" x="2.7425721855633474" y="-3.267656035082611" rotation="0.0" />
</GameObjects>
</Level>
