<?xml version="1.0" encoding="utf-16"?>
<Level width ="2">
<Camera x="0" y="2" minWidth="20" maxWidth="30">
<Birds>
<Bird type="BirdRed"/>
<Bird type="BirdRed"/>
<Bird type="BirdRed"/>
</Birds>
<Slingshot x="-8" y="-2.5">
<GameObjects>
<Block type="RectBig" material="stone" x="1.9267398519165764" y="-1.9324040513408918" rotation="90.0" />
<Block type="RectMedium" material="stone" x="0.3091025961640351" y="-2.1519159711552533" rotation="90.0" />
<Block type="RectMedium" material="stone" x="2.3997701515288754" y="-0.5827989277638588" rotation="0.0" />
<Block type="RectSmall" material="stone" x="0.329102358700708" y="-0.9232266923542194" rotation="45.0" />
<Block type="RectSmall" material="stone" x="0.9154893170645922" y="-0.8163053767092245" rotation="-45.0" />
<Block type="RectSmall" material="stone" x="0.6541281976028008" y="-1.3" rotation="0.0" />
<Block type="RectSmall" material="stone" x="0.8079426230305005" y="-2.15" rotation="0.0" />
<Block type="RectSmall" material="stone" x="0.840621840545254" y="-1.7406349902544354" rotation="45.0" />
<Block type="RectSmall" material="stone" x="1.1377288319841323" y="-1.7323306758492456" rotation="90.0" />
<Block type="RectSmall" material="stone" x="0.9015606309063069" y="-2.8244275740122076" rotation="30.0" />
<Block type="RectSmall" material="stone" x="2.3377678768651684" y="-1.0072612619346346" rotation="0.0" />
<Block type="RectSmall" material="stone" x="2.3612882837788165" y="-1.910708063842395" rotation="0.0" />
<Block type="RectSmall" material="stone" x="2.3698521623337334" y="-2.2688464016123304" rotation="0.0" />
<Block type="RectSmall" material="stone" x="2.319064908265392" y="-3.0427402981723928" rotation="0.0" />
<Block type="RectSmall" material="stone" x="2.795818211553465" y="-1.4477355024319305" rotation="90.0" />
<Block type="RectSmall" material="stone" x="2.73587268713482" y="-2.7182015249563434" rotation="90.0" />
<Block type="SquareTiny" material="stone" x="0.5925012138206721" y="-1.122231659473756" rotation="0.0" />
<Block type="SquareTiny" material="stone" x="2.3889625266511305" y="-0.4353609575893425" rotation="0.0" />
<Block type="RectMedium" material="ice" x="2.3891424707028737" y="-0.8606076782080209" rotation="0.0" />
<Block type="RectFat" material="ice" x="0.6459597282809445" y="-3.251518591119848" rotation="0.0" />
<Block type="RectFat" material="ice" x="1.2292593890587955" y="-3.0078190300691756" rotation="90.0" />
<Block type="RectFat" material="ice" x="1.920108983214971" y="-3.2079875715371093" rotation="0.0" />
<Block type="RectFat" material="ice" x="2.8419606424308093" y="-3.2527617807084694" rotation="0.0" />
</GameObjects>
</Level>
