<?xml version="1.0" encoding="utf-16"?>
<Level width ="2">
<Camera x="0" y="2" minWidth="20" maxWidth="30">
<Birds>
<Bird type="BirdRed"/>
<Bird type="BirdRed"/>
<Bird type="BirdRed"/>
</Birds>
<Slingshot x="-8" y="-2.5">
<GameObjects>
<Block type="RectBig" material="stone" x="2.3425120656950638" y="-2.9889314988703704" rotation="0.0" />
<Block type="RectMedium" material="stone" x="1.999605269838125" y="-1.9452818867343074" rotation="0.0" />
<Block type="RectMedium" material="stone" x="0.8743477066226374" y="-2.69658378235203" rotation="90.0" />
<Block type="SquareTiny" material="stone" x="0.896076045340996" y="-1.4021306010457182" rotation="0.0" />
<Block type="RectSmall" material="stone" x="2.1916100823123763" y="-1.3484746334329352" rotation="90.0" />
<Block type="RectSmall" material="stone" x="2.1701484270643965" y="-2.5376988432268477" rotation="90.0" />
<Block type="RectSmall" material="stone" x="0.7739778555860095" y="-1.4749255863053972" rotation="0.0" />
<Block type="RectSmall" material="stone" x="0.9068470596728757" y="-1.6532816493823632" rotation="-135.0" />
<Block type="RectBig" material="ice" x="1.7053242958257187" y="-2.1399188952837864" rotation="90.0" />
<Block type="RectSmall" material="ice" x="0.37832559600997584" y="-3.1969208877543127" rotation="0.0" />
<Block type="RectFat" material="ice" x="1.5273464258387546" y="-3.076295893837346" rotation="0.0" />
<Block type="RectFat" material="ice" x="2.7686974342814317" y="-3.2827192021738147" rotation="0.0" />
</GameObjects>
</Level>
