<?xml version="1.0" encoding="utf-16"?>
<Level width ="2">
<Camera x="0" y="2" minWidth="20" maxWidth="30">
<Birds>
<Bird type="BirdRed"/>
<Bird type="BirdRed"/>
<Bird type="BirdRed"/>
</Birds>
<Slingshot x="-8" y="-2.5">
<GameObjects>
<Block type="RectBig" material="stone" x="1.7476547604477164" y="-2.050159617084756" rotation="90.0" />
<Block type="RectMedium" material="stone" x="0.35106523972470227" y="-2.2314721176311" rotation="90.0" />
<Block type="RectMedium" material="stone" x="2.336490517935731" y="-0.64" rotation="0.0" />
<Block type="RectSmall" material="stone" x="0.3591472763921994" y="-0.8642434167999504" rotation="45.0" />
<Block type="RectSmall" material="stone" x="0.92" y="-0.77" rotation="-45.0" />
<Block type="RectSmall" material="stone" x="0.6967516774381269" y="-1.2490102554041715" rotation="0.0" />
<Block type="RectSmall" material="stone" x="0.7886357789064649" y="-2.15" rotation="0.0" />
<Block type="RectSmall" material="stone" x="0.7490119443787522" y="-1.7128908461135632" rotation="45.0" />
<Block type="RectSmall" material="stone" x="1.19" y="-1.72972344551976" rotation="90.0" />
<Block type="RectSmall" material="stone" x="0.8410321827438482" y="-2.722059154619729" rotation="30.0" />
<Block type="RectSmall" material="stone" x="2.4593986711014235" y="-0.9843601963060438" rotation="0.0" />
<Block type="RectSmall" material="stone" x="2.3277646270953434" y="-1.97" rotation="0.0" />
<Block type="RectSmall" material="stone" x="2.3234278737629914" y="-2.24" rotation="0.0" />
<Block type="RectSmall" material="stone" x="2.3105956979326887" y="-2.93" rotation="0.0" />
<Block type="RectSmall" material="stone" x="2.608656959104594" y="-1.5497653968562848" rotation="90.0" />
<Block type="RectSmall" material="stone" x="2.83" y="-2.6343356312540473" rotation="90.0" />
<Block type="SquareTiny" material="stone" x="0.67" y="-0.9937199462109604" rotation="0.0" />
<Block type="SquareTiny" material="stone" x="2.293950737528442" y="-0.4417006823239941" rotation="0.0" />
<Block type="RectMedium" material="ice" x="2.34" y="-0.8559430559446991" rotation="0.0" />
<Block type="RectFat" material="ice" x="0.583180523300499" y="-3.256434444589827" rotation="0.0" />
<Block type="RectFat" material="ice" x="1.2184264075336215" y="-3.06" rotation="90.0" />
<Block type="RectFat" material="ice" x="1.9440528899690654" y="-3.27" rotation="0.0" />
<Block type="RectFat" material="ice" x="2.8111196652791253" y="-3.4058409670504086" rotation="0.0" />
</GameObjects>
</Level>
