<?xml version="1.0" encoding="utf-16"?>
<Level width ="2">
<Camera x="0" y="2" minWidth="20" maxWidth="30">
<Birds>
<Bird type="BirdRed"/>
<Bird type="BirdRed"/>
<Bird type="BirdRed"/>
</Birds>
<Slingshot x="-8" y="-2.5">
<GameObjects>
<Block type="RectBig" material="stone" x="1.7734522781499695" y="-1.9315663454397765" rotation="90.0" />
<Block type="RectMedium" material="stone" x="0.31" y="-2.25" rotation="90.0" />
<Block type="RectMedium" material="stone" x="2.349120805592551" y="-0.64" rotation="0.0" />
<Block type="RectSmall" material="stone" x="0.4175885215809932" y="-0.95" rotation="45.0" />
<Block type="RectSmall" material="stone" x="0.7632075558958851" y="-0.77" rotation="-45.0" />
<Block type="RectSmall" material="stone" x="0.5670985077057356" y="-1.3008505004034339" rotation="0.0" />
<Block type="RectSmall" material="stone" x="0.82" y="-2.132810106235656" rotation="0.0" />
<Block type="RectSmall" material="stone" x="0.6551444466413067" y="-1.7126244407180724" rotation="45.0" />
<Block type="RectSmall" material="stone" x="1.1218523522884283" y="-1.649504897906045" rotation="90.0" />
<Block type="RectSmall" material="stone" x="0.8102046903807404" y="-2.74" rotation="30.0" />
<Block type="RectSmall" material="stone" x="2.2861673587815132" y="-1.1082694271393936" rotation="0.0" />
<Block type="RectSmall" material="stone" x="2.3774650452925887" y="-2.0384472906624547" rotation="0.0" />
<Block type="RectSmall" material="stone" x="2.26230644534911" y="-2.24" rotation="0.0" />
<Block type="RectSmall" material="stone" x="2.2383468305518943" y="-2.93" rotation="0.0" />
<Block type="RectSmall" material="stone" x="2.8274946688769984" y="-1.49" rotation="90.0" />
<Block type="RectSmall" material="stone" x="2.7613081769112355" y="-2.5647172944281422" rotation="90.0" />
<Block type="SquareTiny" material="stone" x="0.85555201549087" y="-1.0924289515505725" rotation="0.0" />
<Block type="SquareTiny" material="stone" x="2.3" y="-0.37583480789066337" rotation="0.0" />
<Block type="RectMedium" material="ice" x="2.25541326246436" y="-0.9713361986895969" rotation="0.0" />
<Block type="RectFat" material="ice" x="0.59" y="-3.259045886785254" rotation="0.0" />
<Block type="RectFat" material="ice" x="1.27" y="-2.964431097962528" rotation="90.0" />
<Block type="RectFat" material="ice" x="1.8314696480732617" y="-3.27" rotation="0.0" />
<Block type="RectFat" material="ice" x="2.73656864299436" y="-3.27" rotation="0.0" />
</GameObjects>
</Level>
