<?xml version="1.0" encoding="utf-16"?>
<Level width ="2">
<Camera x="0" y="2" minWidth="20" maxWidth="30">
<Birds>
<Bird type="BirdRed"/>
<Bird type="BirdRed"/>
<Bird type="BirdRed"/>
</Birds>
<Slingshot x="-8" y="-2.5">
<GameObjects>
<Block type="RectBig" material="stone" x="1.76" y="-2.0" rotation="90.0" />
<Block type="RectMedium" material="stone" x="0.31" y="-2.1502356954011472" rotation="90.0" />
<Block type="RectMedium" material="stone" x="2.32" y="-0.6412312782411455" rotation="0.0" />
<Block type="RectSmall" material="stone" x="0.33" y="-0.95" rotation="45.0" />
<Block type="RectSmall" material="stone" x="0.92" y="-0.77" rotation="-45.0" />
<Block type="RectSmall" material="stone" x="0.66" y="-1.313899250916968" rotation="0.0" />
<Block type="RectSmall" material="stone" x="0.82" y="-2.15" rotation="0.0" />
<Block type="RectSmall" material="stone" x="0.73" y="-1.73" rotation="45.0" />
<Block type="RectSmall" material="stone" x="1.19" y="-1.5924478219374243" rotation="90.0" />
<Block type="RectSmall" material="stone" x="0.81" y="-2.74" rotation="30.0" />
<Block type="RectSmall" material="stone" x="2.34" y="-1.1299782596735826" rotation="0.0" />
<Block type="RectSmall" material="stone" x="2.33" y="-1.97" rotation="0.0" />
<Block type="RectSmall" material="stone" x="2.31" y="-2.300031300512487" rotation="0.0" />
<Block type="RectSmall" material="stone" x="2.32" y="-2.93" rotation="0.0" />
<Block type="RectSmall" material="stone" x="2.77" y="-1.49" rotation="90.0" />
<Block type="RectSmall" material="stone" x="2.83" y="-2.56" rotation="90.0" />
<Block type="SquareTiny" material="stone" x="0.6687667581547139" y="-1.09" rotation="0.0" />
<Block type="SquareTiny" material="stone" x="2.3" y="-0.41" rotation="0.0" />
<Block type="RectMedium" material="ice" x="2.34" y="-0.85" rotation="0.0" />
<Block type="RectFat" material="ice" x="0.59" y="-3.274218698629463" rotation="0.0" />
<Block type="RectFat" material="ice" x="1.284806723349704" y="-3.06" rotation="90.0" />
<Block type="RectFat" material="ice" x="1.8901371040484822" y="-3.27" rotation="0.0" />
<Block type="RectFat" material="ice" x="2.81" y="-3.27" rotation="0.0" />
</GameObjects>
</Level>
