<?xml version="1.0" encoding="utf-16"?>
<Level width ="2">
<Camera x="0" y="2" minWidth="20" maxWidth="30">
<Birds>
<Bird type="BirdRed"/>
<Bird type="BirdRed"/>
<Bird type="BirdRed"/>
</Birds>
<Slingshot x="-8" y="-2.5">
<GameObjects>
<Block type="RectBig" material="stone" x="0.84" y="-1.268592122157361" rotation="45.0" />
<Block type="RectBig" material="stone" x="2.38" y="-1.28" rotation="-45.0" />
<Block type="RectMedium" material="stone" x="1.93" y="-2.67" rotation="90.0" />
<Block type="RectSmall" material="stone" x="1.62" y="-1.36" rotation="0.0" />
<Block type="RectSmall" material="stone" x="1.11" y="-1.703886368019283" rotation="0.0" />
<Block type="RectSmall" material="stone" x="0.67" y="-2.16" rotation="90.0" />
<Block type="RectSmall" material="stone" x="1.5514989974300777" y="-2.18" rotation="90.0" />
<Block type="RectSmall" material="stone" x="1.09" y="-2.58" rotation="0.0" />
<Block type="RectSmall" material="stone" x="2.19" y="-1.7519362833842484" rotation="0.0" />
<Block type="RectSmall" material="stone" x="2.500114617086059" y="-2.18" rotation="76.0" />
<Block type="RectMedium" material="ice" x="1.6112157638135383" y="-1.4679304825497368" rotation="0.0" />
<Block type="RectFat" material="ice" x="0.12" y="-2.23" rotation="90.0" />
<Block type="RectFat" material="ice" x="0.13" y="-3.08" rotation="90.0" />
<Block type="RectFat" material="ice" x="1.07" y="-3.1182254573143147" rotation="90.0" />
<Block type="RectFat" material="ice" x="2.377789345101861" y="-3.06" rotation="90.0" />
<Block type="RectFat" material="ice" x="3.113006932619126" y="-2.26" rotation="90.0" />
<Block type="RectFat" material="ice" x="3.12" y="-3.06" rotation="90.0" />
</GameObjects>
</Level>
