<?xml version="1.0" encoding="utf-16"?>
<Level width ="2">
<Camera x="0" y="2" minWidth="20" maxWidth="30">
<Birds>
<Bird type="BirdRed"/>
<Bird type="BirdRed"/>
<Bird type="BirdRed"/>
</Birds>
<Slingshot x="-8" y="-2.5">
<GameObjects>
<Block type="RectBig" material="stone" x="1.7892645876806865" y="-1.9078729946357462" rotation="90.0" />
<Block type="RectMedium" material="stone" x="0.31" y="-2.3930545024104464" rotation="90.0" />
<Block type="RectMedium" material="stone" x="2.3570432225270306" y="-0.7894583438713839" rotation="0.0" />
<Block type="RectSmall" material="stone" x="0.47070089565072726" y="-0.8691349079000639" rotation="45.0" />
<Block type="RectSmall" material="stone" x="0.7227430294389845" y="-0.7908601397738946" rotation="-45.0" />
<Block type="RectSmall" material="stone" x="0.6309257943645742" y="-1.3008505004034339" rotation="0.0" />
<Block type="RectSmall" material="stone" x="0.9823239980833736" y="-2.105210091541503" rotation="0.0" />
<Block type="RectSmall" material="stone" x="0.6711313387902694" y="-1.6821785551914796" rotation="45.0" />
<Block type="RectSmall" material="stone" x="1.0346258497163314" y="-1.6301107223169229" rotation="90.0" />
<Block type="RectSmall" material="stone" x="0.8830314449097898" y="-2.730073050657252" rotation="30.0" />
<Block type="RectSmall" material="stone" x="2.2861673587815132" y="-1.1204087494677295" rotation="0.0" />
<Block type="RectSmall" material="stone" x="2.5217957396230637" y="-2.0384472906624547" rotation="0.0" />
<Block type="RectSmall" material="stone" x="2.167499272678819" y="-2.2021729338019695" rotation="0.0" />
<Block type="RectSmall" material="stone" x="2.244376878388439" y="-2.93" rotation="0.0" />
<Block type="RectSmall" material="stone" x="2.823837465447621" y="-1.526163895327061" rotation="90.0" />
<Block type="RectSmall" material="stone" x="2.6827476503601067" y="-2.5516036326666343" rotation="90.0" />
<Block type="SquareTiny" material="stone" x="0.9214290126850166" y="-1.1695521018383281" rotation="0.0" />
<Block type="SquareTiny" material="stone" x="2.3" y="-0.5521970457045837" rotation="0.0" />
<Block type="RectMedium" material="ice" x="2.2907888993613192" y="-0.9713361986895969" rotation="0.0" />
<Block type="RectFat" material="ice" x="0.4784758989189669" y="-3.16439717075047" rotation="0.0" />
<Block type="RectFat" material="ice" x="1.2945376131651862" y="-3.0722313103411407" rotation="90.0" />
<Block type="RectFat" material="ice" x="1.8430194654020444" y="-3.328643987910301" rotation="0.0" />
<Block type="RectFat" material="ice" x="2.7690624974253675" y="-3.2939766969726705" rotation="0.0" />
</GameObjects>
</Level>
