<?xml version="1.0" encoding="utf-16"?>
<Level width ="2">
<Camera x="0" y="2" minWidth="20" maxWidth="30">
<Birds>
<Bird type="BirdRed"/>
<Bird type="BirdRed"/>
<Bird type="BirdRed"/>
</Birds>
<Slingshot x="-8" y="-2.5">
<GameObjects>
<Block type="RectBig" material="stone" x="1.76" y="-2.03309323825677" rotation="90.0" />
<Block type="RectMedium" material="stone" x="0.24828704845325844" y="-2.3008371067327307" rotation="90.0" />
<Block type="RectMedium" material="stone" x="2.32" y="-0.575061123708722" rotation="0.0" />
<Block type="RectSmall" material="stone" x="0.3179033486715242" y="-0.9023266872272435" rotation="45.0" />
<Block type="RectSmall" material="stone" x="0.9267700753240344" y="-0.8069726416084474" rotation="-45.0" />
<Block type="RectSmall" material="stone" x="0.66" y="-1.3" rotation="0.0" />
<Block type="RectSmall" material="stone" x="0.9277825282700416" y="-2.15" rotation="0.0" />
<Block type="RectSmall" material="stone" x="0.8706576979732282" y="-1.73" rotation="45.0" />
<Block type="RectSmall" material="stone" x="1.19" y="-1.65" rotation="90.0" />
<Block type="RectSmall" material="stone" x="0.9064852588111567" y="-2.829681253963051" rotation="30.0" />
<Block type="RectSmall" material="stone" x="2.2940621893760778" y="-1.0015080295542775" rotation="0.0" />
<Block type="RectSmall" material="stone" x="2.33" y="-1.910708063842395" rotation="0.0" />
<Block type="RectSmall" material="stone" x="2.2466452693578263" y="-2.24" rotation="0.0" />
<Block type="RectSmall" material="stone" x="2.409104496520816" y="-2.93" rotation="0.0" />
<Block type="RectSmall" material="stone" x="2.77" y="-1.509341967941337" rotation="90.0" />
<Block type="RectSmall" material="stone" x="2.83" y="-2.637531706814364" rotation="90.0" />
<Block type="SquareTiny" material="stone" x="0.67" y="-1.174343324922852" rotation="0.0" />
<Block type="SquareTiny" material="stone" x="2.3" y="-0.41" rotation="0.0" />
<Block type="RectMedium" material="ice" x="2.34" y="-0.85" rotation="0.0" />
<Block type="RectFat" material="ice" x="0.6072473395829576" y="-3.3029262685235743" rotation="0.0" />
<Block type="RectFat" material="ice" x="1.186242756104798" y="-3.0293534557670094" rotation="90.0" />
<Block type="RectFat" material="ice" x="1.9780762905806322" y="-3.27" rotation="0.0" />
<Block type="RectFat" material="ice" x="2.884977784998378" y="-3.4082179877262857" rotation="0.0" />
</GameObjects>
</Level>
