<?xml version="1.0" encoding="utf-16"?>
<Level width ="2">
<Camera x="0" y="2" minWidth="20" maxWidth="30">
<Birds>
<Bird type="BirdRed"/>
<Bird type="BirdRed"/>
<Bird type="BirdRed"/>
</Birds>
<Slingshot x="-8" y="-2.5">
<GameObjects>
<Block type="RectBig" material="stone" x="2.344884402529676" y="-3.0397857228177543" rotation="0.0" />
<Block type="RectMedium" material="stone" x="2.108014527081865" y="-1.9452818867343074" rotation="0.0" />
<Block type="RectMedium" material="stone" x="0.8738481253429646" y="-2.823931175514774" rotation="90.0" />
<Block type="SquareTiny" material="stone" x="0.8999077267323119" y="-1.1957251995677651" rotation="0.0" />
<Block type="RectSmall" material="stone" x="2.1916100823123763" y="-1.336517380951138" rotation="90.0" />
<Block type="RectSmall" material="stone" x="2.1813122434660297" y="-2.4499665372712673" rotation="90.0" />
<Block type="RectSmall" material="stone" x="0.9273377228823175" y="-1.4986314187059733" rotation="0.0" />
<Block type="RectSmall" material="stone" x="0.8208531968622509" y="-1.699300569015902" rotation="-135.0" />
<Block type="RectBig" material="ice" x="1.7585654389706553" y="-2.1454063360939664" rotation="90.0" />
<Block type="RectSmall" material="ice" x="0.4147451784118944" y="-3.2487323323331085" rotation="0.0" />
<Block type="RectFat" material="ice" x="1.5150772920181914" y="-3.2829191973588947" rotation="0.0" />
<Block type="RectFat" material="ice" x="2.905100909619737" y="-3.3659931654158175" rotation="0.0" />
</GameObjects>
</Level>
