<?xml version="1.0" encoding="utf-16"?>
<Level width ="2">
<Camera x="0" y="2" minWidth="20" maxWidth="30">
<Birds>
<Bird type="BirdRed"/>
<Bird type="BirdRed"/>
<Bird type="BirdRed"/>
</Birds>
<Slingshot x="-8" y="-2.5">
<GameObjects>
<Block type="RectBig" material="stone" x="1.7622825997236031" y="-2.0223935714456864" rotation="90.0" />
<Block type="RectMedium" material="stone" x="0.31" y="-2.25" rotation="90.0" />
<Block type="RectMedium" material="stone" x="2.255168128869444" y="-0.5799986197473208" rotation="0.0" />
<Block type="RectSmall" material="stone" x="0.33" y="-0.95" rotation="45.0" />
<Block type="RectSmall" material="stone" x="0.92" y="-0.77" rotation="-45.0" />
<Block type="RectSmall" material="stone" x="0.66" y="-1.3" rotation="0.0" />
<Block type="RectSmall" material="stone" x="0.82" y="-2.2215113817988077" rotation="0.0" />
<Block type="RectSmall" material="stone" x="0.73" y="-1.7852893215396555" rotation="45.0" />
<Block type="RectSmall" material="stone" x="1.19" y="-1.65" rotation="90.0" />
<Block type="RectSmall" material="stone" x="0.8632227203840839" y="-2.74" rotation="30.0" />
<Block type="RectSmall" material="stone" x="2.311456649644177" y="-1.04" rotation="0.0" />
<Block type="RectSmall" material="stone" x="2.33" y="-1.97" rotation="0.0" />
<Block type="RectSmall" material="stone" x="2.31" y="-2.24" rotation="0.0" />
<Block type="RectSmall" material="stone" x="2.32" y="-2.93" rotation="0.0" />
<Block type="RectSmall" material="stone" x="2.785480520560455" y="-1.4692745605876198" rotation="90.0" />
<Block type="RectSmall" material="stone" x="2.83" y="-2.6019451137799607" rotation="90.0" />
<Block type="SquareTiny" material="stone" x="0.67" y="-1.09" rotation="0.0" />
<Block type="SquareTiny" material="stone" x="2.3" y="-0.41" rotation="0.0" />
<Block type="RectMedium" material="ice" x="2.3783101759955545" y="-0.85" rotation="0.0" />
<Block type="RectFat" material="ice" x="0.5339080766092708" y="-3.27" rotation="0.0" />
<Block type="RectFat" material="ice" x="1.2399389038087527" y="-3.115855350757111" rotation="90.0" />
<Block type="RectFat" material="ice" x="1.93" y="-3.219342275853227" rotation="0.0" />
<Block type="RectFat" material="ice" x="2.81" y="-3.27" rotation="0.0" />
</GameObjects>
</Level>
