<?xml version="1.0" encoding="utf-16"?>
<Level width ="2">
<Camera x="0" y="2" minWidth="20" maxWidth="30">
<Birds>
<Bird type="BirdRed"/>
<Bird type="BirdRed"/>
<Bird type="BirdRed"/>
</Birds>
<Slingshot x="-8" y="-2.5">
<GameObjects>
<Block type="RectBig" material="stone" x="1.8480971033486824" y="-2.006481348390434" rotation="90.0" />
<Block type="RectMedium" material="stone" x="0.31" y="-2.25" rotation="90.0" />
<Block type="RectMedium" material="stone" x="2.2891497601522772" y="-0.7543841994376701" rotation="0.0" />
<Block type="RectSmall" material="stone" x="0.36893803500986544" y="-0.9417380190267723" rotation="45.0" />
<Block type="RectSmall" material="stone" x="0.9225792843146763" y="-0.7726980971534753" rotation="-45.0" />
<Block type="RectSmall" material="stone" x="0.6754156830783966" y="-1.2148220475497509" rotation="0.0" />
<Block type="RectSmall" material="stone" x="0.82" y="-2.0736411197616373" rotation="0.0" />
<Block type="RectSmall" material="stone" x="0.8293745121313719" y="-1.73" rotation="45.0" />
<Block type="RectSmall" material="stone" x="1.19" y="-1.6986690633656125" rotation="90.0" />
<Block type="RectSmall" material="stone" x="0.847821437496301" y="-2.74" rotation="30.0" />
<Block type="RectSmall" material="stone" x="2.3506329332060725" y="-1.0937519286101949" rotation="0.0" />
<Block type="RectSmall" material="stone" x="2.3389900197289113" y="-1.973832337497152" rotation="0.0" />
<Block type="RectSmall" material="stone" x="2.3482071242621023" y="-2.24" rotation="0.0" />
<Block type="RectSmall" material="stone" x="2.288738677494258" y="-2.9164397565827844" rotation="0.0" />
<Block type="RectSmall" material="stone" x="2.77" y="-1.47588681550034" rotation="90.0" />
<Block type="RectSmall" material="stone" x="2.7737603056463125" y="-2.629052834225153" rotation="90.0" />
<Block type="SquareTiny" material="stone" x="0.6303820599843862" y="-1.0906117004442586" rotation="0.0" />
<Block type="SquareTiny" material="stone" x="2.2830357199714384" y="-0.41" rotation="0.0" />
<Block type="RectMedium" material="ice" x="2.34" y="-0.9141066129541188" rotation="0.0" />
<Block type="RectFat" material="ice" x="0.6236080037604733" y="-3.317716358637155" rotation="0.0" />
<Block type="RectFat" material="ice" x="1.3611360891665185" y="-3.220694883205759" rotation="90.0" />
<Block type="RectFat" material="ice" x="1.8078125967401881" y="-3.252547157972518" rotation="0.0" />
<Block type="RectFat" material="ice" x="2.8081035179302796" y="-3.3954517046824697" rotation="0.0" />
</GameObjects>
</Level>
