<?xml version="1.0" encoding="utf-16"?>
<Level width ="2">
<Camera x="0" y="2" minWidth="20" maxWidth="30">
<Birds>
<Bird type="BirdRed"/>
<Bird type="BirdRed"/>
<Bird type="BirdRed"/>
</Birds>
<Slingshot x="-8" y="-2.5">
<GameObjects>
<Block type="RectBig" material="stone" x="2.313886630675674" y="-2.9775026525062134" rotation="0.0" />
<Block type="RectMedium" material="stone" x="2.108014527081865" y="-1.9452818867343074" rotation="0.0" />
<Block type="RectMedium" material="stone" x="0.8738481253429646" y="-2.823931175514774" rotation="90.0" />
<Block type="SquareTiny" material="stone" x="0.8302953078950776" y="-1.1613763541099953" rotation="0.0" />
<Block type="RectSmall" material="stone" x="2.1916100823123763" y="-1.336517380951138" rotation="90.0" />
<Block type="RectSmall" material="stone" x="2.1735354458069103" y="-2.4499665372712673" rotation="90.0" />
<Block type="RectSmall" material="stone" x="0.9273377228823175" y="-1.4986314187059733" rotation="0.0" />
<Block type="RectSmall" material="stone" x="0.8079392466108171" y="-1.6801249275853016" rotation="-135.0" />
<Block type="RectBig" material="ice" x="1.7585654389706553" y="-2.1744526642023216" rotation="90.0" />
<Block type="RectSmall" material="ice" x="0.4147451784118944" y="-3.2487323323331085" rotation="0.0" />
<Block type="RectFat" material="ice" x="1.5150772920181914" y="-3.2829191973588947" rotation="0.0" />
<Block type="RectFat" material="ice" x="2.905100909619737" y="-3.3716587446896993" rotation="0.0" />
</GameObjects>
</Level>
