<?xml version="1.0" encoding="utf-16"?>
<Level width ="2">
<Camera x="0" y="2" minWidth="20" maxWidth="30">
<Birds>
<Bird type="BirdRed"/>
<Bird type="BirdRed"/>
<Bird type="BirdRed"/>
</Birds>
<Slingshot x="-8" y="-2.5">
<GameObjects>
<Block type="RectBig" material="stone" x="1.628755150545315" y="-2.0" rotation="90.0" />
<Block type="RectMedium" material="stone" x="0.31" y="-2.2745558494275797" rotation="90.0" />
<Block type="RectMedium" material="stone" x="2.237683478832877" y="-0.64" rotation="0.0" />
<Block type="RectSmall" material="stone" x="0.33" y="-1.0409139607951932" rotation="45.0" />
<Block type="RectSmall" material="stone" x="0.8504505310812702" y="-0.8398805245102456" rotation="-45.0" />
<Block type="RectSmall" material="stone" x="0.66" y="-1.2013369275284924" rotation="0.0" />
<Block type="RectSmall" material="stone" x="0.7832089047781831" y="-2.15" rotation="0.0" />
<Block type="RectSmall" material="stone" x="0.73" y="-1.7055663871881062" rotation="45.0" />
<Block type="RectSmall" material="stone" x="1.1387989679650476" y="-1.5213041976643162" rotation="90.0" />
<Block type="RectSmall" material="stone" x="0.81" y="-2.74" rotation="30.0" />
<Block type="RectSmall" material="stone" x="2.34" y="-1.04" rotation="0.0" />
<Block type="RectSmall" material="stone" x="2.2567644488765546" y="-2.018465655512849" rotation="0.0" />
<Block type="RectSmall" material="stone" x="2.35285240132271" y="-2.24" rotation="0.0" />
<Block type="RectSmall" material="stone" x="2.386732692461088" y="-2.990965182652954" rotation="0.0" />
<Block type="RectSmall" material="stone" x="2.6891537184810916" y="-1.40047069012578" rotation="90.0" />
<Block type="RectSmall" material="stone" x="2.83" y="-2.564291454668093" rotation="90.0" />
<Block type="SquareTiny" material="stone" x="0.67" y="-1.1468277948007597" rotation="0.0" />
<Block type="SquareTiny" material="stone" x="2.3916263884957063" y="-0.41" rotation="0.0" />
<Block type="RectMedium" material="ice" x="2.34" y="-0.7675711161445038" rotation="0.0" />
<Block type="RectFat" material="ice" x="0.5632833151241814" y="-3.27" rotation="0.0" />
<Block type="RectFat" material="ice" x="1.2831536998105337" y="-3.0066862355219373" rotation="90.0" />
<Block type="RectFat" material="ice" x="1.93" y="-3.3201780492802184" rotation="0.0" />
<Block type="RectFat" material="ice" x="2.7150424471827175" y="-3.453241374792881" rotation="0.0" />
</GameObjects>
</Level>
