<?xml version="1.0" encoding="utf-16"?>
<Level width ="2">
<Camera x="0" y="2" minWidth="20" maxWidth="30">
<Birds>
<Bird type="BirdRed"/>
<Bird type="BirdRed"/>
<Bird type="BirdRed"/>
</Birds>
<Slingshot x="-8" y="-2.5">
<GameObjects>
<Block type="RectBig" material="stone" x="1.5058547188006481" y="-1.9917999257648302" rotation="0.0" />
<Block type="RectSmall" material="stone" x="2.0818307291760685" y="-2.8397041618813277" rotation="75.0" />
<Block type="RectSmall" material="stone" x="0.9974789895040673" y="-2.811" rotation="105.0" />
<Block type="RectSmall" material="stone" x="2.213622601392155" y="-3.3231897351308493" rotation="0.0" />
<Block type="RectSmall" material="stone" x="1.4888568685648573" y="-1.4438272786958717" rotation="90.0" />
<Block type="RectMedium" material="stone" x="1.041996420317139" y="-3.4189" rotation="0.0" />
<Block type="RectMedium" material="ice" x="1.4731385010480817" y="-2.253036243061101" rotation="0.0" />
<Block type="RectFat" material="ice" x="2.5868877517510636" y="-3.044" rotation="0.0" />
<Block type="RectFat" material="ice" x="0.45240895338877485" y="-3.044387006818022" rotation="0.0" />
</GameObjects>
</Level>
