<?xml version="1.0" encoding="utf-16"?>
<Level width ="2">
<Camera x="0" y="2" minWidth="20" maxWidth="30">
<Birds>
<Bird type="BirdRed"/>
<Bird type="BirdRed"/>
<Bird type="BirdRed"/>
</Birds>
<Slingshot x="-8" y="-2.5">
<GameObjects>
<Block type="RectBig" material="stone" x="1.76" y="-2.0" rotation="90.0" />
<Block type="RectMedium" material="stone" x="0.31" y="-2.25" rotation="90.0" />
<Block type="RectMedium" material="stone" x="2.3289444725969317" y="-0.64" rotation="0.0" />
<Block type="RectSmall" material="stone" x="0.34093384023092704" y="-0.8985361725517715" rotation="45.0" />
<Block type="RectSmall" material="stone" x="0.8950454072507223" y="-0.7219392327630311" rotation="-45.0" />
<Block type="RectSmall" material="stone" x="0.6562157752600873" y="-1.331082848931188" rotation="0.0" />
<Block type="RectSmall" material="stone" x="0.8889470983113041" y="-2.23214409769484" rotation="0.0" />
<Block type="RectSmall" material="stone" x="0.7903878807817246" y="-1.7306451740972393" rotation="45.0" />
<Block type="RectSmall" material="stone" x="1.19" y="-1.6195916548595752" rotation="90.0" />
<Block type="RectSmall" material="stone" x="0.81" y="-2.74" rotation="30.0" />
<Block type="RectSmall" material="stone" x="2.3616624953591616" y="-1.04" rotation="0.0" />
<Block type="RectSmall" material="stone" x="2.3197601946645108" y="-1.97" rotation="0.0" />
<Block type="RectSmall" material="stone" x="2.2958764188280902" y="-2.163504366075035" rotation="0.0" />
<Block type="RectSmall" material="stone" x="2.278311358506947" y="-3.0019545977459936" rotation="0.0" />
<Block type="RectSmall" material="stone" x="2.77" y="-1.4167707348149399" rotation="90.0" />
<Block type="RectSmall" material="stone" x="2.83" y="-2.6482974338063134" rotation="90.0" />
<Block type="SquareTiny" material="stone" x="0.6261287056544966" y="-1.09" rotation="0.0" />
<Block type="SquareTiny" material="stone" x="2.253663767265482" y="-0.41" rotation="0.0" />
<Block type="RectMedium" material="ice" x="2.430517056329553" y="-0.9073296328743777" rotation="0.0" />
<Block type="RectFat" material="ice" x="0.59" y="-3.3763803159843833" rotation="0.0" />
<Block type="RectFat" material="ice" x="1.2950317430649645" y="-3.070557155304014" rotation="90.0" />
<Block type="RectFat" material="ice" x="1.9988911366385542" y="-3.168553685962412" rotation="0.0" />
<Block type="RectFat" material="ice" x="2.645263844283322" y="-3.2160784770647246" rotation="0.0" />
</GameObjects>
</Level>
