<?xml version="1.0" encoding="utf-16"?>
<Level width ="2">
<Camera x="0" y="2" minWidth="20" maxWidth="30">
<Birds>
<Bird type="BirdRed"/>
<Bird type="BirdRed"/>
<Bird type="BirdRed"/>
</Birds>
<Slingshot x="-8" y="-2.5">
<GameObjects>
<Block type="RectBig" material="stone" x="1.76" y="-2.0" rotation="90.0" />
<Block type="RectMedium" material="stone" x="0.31" y="-2.3106418977440875" rotation="90.0" />
<Block type="RectMedium" material="stone" x="2.32" y="-0.64" rotation="0.0" />
<Block type="RectSmall" material="stone" x="0.4030744966807305" y="-1.0035754681303113" rotation="45.0" />
<Block type="RectSmall" material="stone" x="0.92" y="-0.77" rotation="-45.0" />
<Block type="RectSmall" material="stone" x="0.66" y="-1.393702223209248" rotation="0.0" />
<Block type="RectSmall" material="stone" x="0.82" y="-2.2425721711384403" rotation="0.0" />
<Block type="RectSmall" material="stone" x="0.7650128011906905" y="-1.8524477972707083" rotation="45.0" />
<Block type="RectSmall" material="stone" x="1.2675160422066356" y="-1.6336703042113492" rotation="90.0" />
<Block type="RectSmall" material="stone" x="0.8758132900249012" y="-2.74" rotation="30.0" />
<Block type="RectSmall" material="stone" x="2.3426049961705284" y="-1.1457862364544962" rotation="0.0" />
<Block type="RectSmall" material="stone" x="2.3689370403047447" y="-2.000336553566955" rotation="0.0" />
<Block type="RectSmall" material="stone" x="2.322779098320887" y="-2.2036238744134766" rotation="0.0" />
<Block type="RectSmall" material="stone" x="2.32" y="-2.9847823559800353" rotation="0.0" />
<Block type="RectSmall" material="stone" x="2.7380292285593457" y="-1.49" rotation="90.0" />
<Block type="RectSmall" material="stone" x="2.83" y="-2.56" rotation="90.0" />
<Block type="SquareTiny" material="stone" x="0.7175218071096324" y="-1.09" rotation="0.0" />
<Block type="SquareTiny" material="stone" x="2.2163673943102267" y="-0.4657250978083199" rotation="0.0" />
<Block type="RectMedium" material="ice" x="2.34" y="-0.85" rotation="0.0" />
<Block type="RectFat" material="ice" x="0.59" y="-3.351963609973556" rotation="0.0" />
<Block type="RectFat" material="ice" x="1.2202201567194657" y="-3.06" rotation="90.0" />
<Block type="RectFat" material="ice" x="2.029189008404907" y="-3.27" rotation="0.0" />
<Block type="RectFat" material="ice" x="2.87123022698805" y="-3.27" rotation="0.0" />
</GameObjects>
</Level>
