<?xml version="1.0" encoding="utf-16"?>
<Level width ="2">
<Camera x="0" y="2" minWidth="20" maxWidth="30">
<Birds>
<Bird type="BirdRed"/>
<Bird type="BirdRed"/>
<Bird type="BirdRed"/>
</Birds>
<Slingshot x="-8" y="-2.5">
<GameObjects>
<Block type="RectBig" material="stone" x="1.8819064324700894" y="-2.0337813148919976" rotation="90.0" />
<Block type="RectMedium" material="stone" x="0.38770694181284604" y="-2.2536110924851847" rotation="90.0" />
<Block type="RectMedium" material="stone" x="2.3327694731238107" y="-0.678849666703595" rotation="0.0" />
<Block type="RectSmall" material="stone" x="0.386299012863736" y="-0.9963634902972733" rotation="45.0" />
<Block type="RectSmall" material="stone" x="0.9081269640930308" y="-0.7624804307557134" rotation="-45.0" />
<Block type="RectSmall" material="stone" x="0.7335568669204265" y="-1.319525290456839" rotation="0.0" />
<Block type="RectSmall" material="stone" x="0.8401985413813359" y="-2.160876544281967" rotation="0.0" />
<Block type="RectSmall" material="stone" x="0.7475434544903652" y="-1.7908420825565519" rotation="45.0" />
<Block type="RectSmall" material="stone" x="1.129277729773008" y="-1.7541909792572565" rotation="90.0" />
<Block type="RectSmall" material="stone" x="0.8467662109385355" y="-2.763952009326124" rotation="30.0" />
<Block type="RectSmall" material="stone" x="2.3159712421186955" y="-1.0652162920764838" rotation="0.0" />
<Block type="RectSmall" material="stone" x="2.337377216416628" y="-1.9756707529663475" rotation="0.0" />
<Block type="RectSmall" material="stone" x="2.31" y="-2.135805258786616" rotation="0.0" />
<Block type="RectSmall" material="stone" x="2.3105891600929915" y="-2.8274706712338338" rotation="0.0" />
<Block type="RectSmall" material="stone" x="2.859768354435456" y="-1.4010793481842883" rotation="90.0" />
<Block type="RectSmall" material="stone" x="2.854420022521294" y="-2.6788044990379696" rotation="90.0" />
<Block type="SquareTiny" material="stone" x="0.7868490888294338" y="-1.09" rotation="0.0" />
<Block type="SquareTiny" material="stone" x="2.3" y="-0.2887500631364177" rotation="0.0" />
<Block type="RectMedium" material="ice" x="2.3744062042216045" y="-0.887693921084252" rotation="0.0" />
<Block type="RectFat" material="ice" x="0.5951460517021764" y="-3.2248899660762897" rotation="0.0" />
<Block type="RectFat" material="ice" x="1.303307449455579" y="-3.0054276227788796" rotation="90.0" />
<Block type="RectFat" material="ice" x="1.9589693830382324" y="-3.3592876372716667" rotation="0.0" />
<Block type="RectFat" material="ice" x="2.9748276172146064" y="-3.3888333888689175" rotation="0.0" />
</GameObjects>
</Level>
