<?xml version="1.0" encoding="utf-16"?>
<Level width ="2">
<Camera x="0" y="2" minWidth="20" maxWidth="30">
<Birds>
<Bird type="BirdRed"/>
<Bird type="BirdRed"/>
<Bird type="BirdRed"/>
</Birds>
<Slingshot x="-8" y="-2.5">
<GameObjects>
<Block type="RectBig" material="stone" x="1.7776355643442814" y="-2.015581425134747" rotation="90.0" />
<Block type="RectMedium" material="stone" x="0.30440865785464627" y="-2.235045001116004" rotation="90.0" />
<Block type="RectMedium" material="stone" x="2.285854125707547" y="-0.6198060263850508" rotation="0.0" />
<Block type="RectSmall" material="stone" x="0.3911412728272774" y="-0.95" rotation="45.0" />
<Block type="RectSmall" material="stone" x="0.9550038095842719" y="-0.7829238016122088" rotation="-45.0" />
<Block type="RectSmall" material="stone" x="0.66" y="-1.310128848381681" rotation="0.0" />
<Block type="RectSmall" material="stone" x="0.8042208831337841" y="-2.1855128213100556" rotation="0.0" />
<Block type="RectSmall" material="stone" x="0.662264970779328" y="-1.7582602838699612" rotation="45.0" />
<Block type="RectSmall" material="stone" x="1.2026134275222384" y="-1.6657481318539282" rotation="90.0" />
<Block type="RectSmall" material="stone" x="0.7762330886620158" y="-2.8226279238720697" rotation="30.0" />
<Block type="RectSmall" material="stone" x="2.34" y="-0.9818018614982074" rotation="0.0" />
<Block type="RectSmall" material="stone" x="2.2737162194093994" y="-2.0438931384537824" rotation="0.0" />
<Block type="RectSmall" material="stone" x="2.3558562174884803" y="-2.24" rotation="0.0" />
<Block type="RectSmall" material="stone" x="2.22793888563712" y="-2.910048131781587" rotation="0.0" />
<Block type="RectSmall" material="stone" x="2.6989869849970116" y="-1.4259865914995566" rotation="90.0" />
<Block type="RectSmall" material="stone" x="2.7532397162023554" y="-2.4916785335576477" rotation="90.0" />
<Block type="SquareTiny" material="stone" x="0.7584793065479383" y="-1.09" rotation="0.0" />
<Block type="SquareTiny" material="stone" x="2.3" y="-0.35262980505436553" rotation="0.0" />
<Block type="RectMedium" material="ice" x="2.283015990103194" y="-0.8757969295290458" rotation="0.0" />
<Block type="RectFat" material="ice" x="0.5805507146908497" y="-3.27" rotation="0.0" />
<Block type="RectFat" material="ice" x="1.1985799982875398" y="-3.1613760009547276" rotation="90.0" />
<Block type="RectFat" material="ice" x="1.9080179353883164" y="-3.1888966689711395" rotation="0.0" />
<Block type="RectFat" material="ice" x="2.8179626031510328" y="-3.248021581557354" rotation="0.0" />
</GameObjects>
</Level>
