<?xml version="1.0" encoding="utf-16"?>
<Level width ="2">
<Camera x="0" y="2" minWidth="20" maxWidth="30">
<Birds>
<Bird type="BirdRed"/>
<Bird type="BirdRed"/>
<Bird type="BirdRed"/>
</Birds>
<Slingshot x="-8" y="-2.5">
<GameObjects>
<Block type="RectBig" material="stone" x="0.8332338763158277" y="-1.1837187732028995" rotation="45.0" />
<Block type="RectBig" material="stone" x="2.4365569599297316" y="-1.214955970005819" rotation="-45.0" />
<Block type="RectMedium" material="stone" x="1.9428622051882356" y="-2.6387559629237742" rotation="90.0" />
<Block type="RectSmall" material="stone" x="1.6081294698790378" y="-1.4197405832466996" rotation="0.0" />
<Block type="RectSmall" material="stone" x="1.091062705801554" y="-1.781707118913949" rotation="0.0" />
<Block type="RectSmall" material="stone" x="0.67" y="-2.135571801798877" rotation="90.0" />
<Block type="RectSmall" material="stone" x="1.47" y="-2.227274648354562" rotation="90.0" />
<Block type="RectSmall" material="stone" x="1.0541296506756437" y="-2.6691968790996388" rotation="0.0" />
<Block type="RectSmall" material="stone" x="2.19" y="-1.6332240057871439" rotation="0.0" />
<Block type="RectSmall" material="stone" x="2.527998003623302" y="-2.1617950693373795" rotation="76.0" />
<Block type="RectMedium" material="ice" x="1.6326298285295129" y="-1.5426803269434464" rotation="0.0" />
<Block type="RectFat" material="ice" x="0.11012171853133643" y="-2.2156231556396473" rotation="90.0" />
<Block type="RectFat" material="ice" x="0.13" y="-3.0650940721249977" rotation="90.0" />
<Block type="RectFat" material="ice" x="1.1255942604435987" y="-3.017569546995366" rotation="90.0" />
<Block type="RectFat" material="ice" x="2.3838639151295906" y="-3.0803459280902934" rotation="90.0" />
<Block type="RectFat" material="ice" x="3.0461525498471844" y="-2.304069432998481" rotation="90.0" />
<Block type="RectFat" material="ice" x="3.141762160512835" y="-3.048089109746616" rotation="90.0" />
</GameObjects>
</Level>
