<?xml version="1.0" encoding="utf-16"?>
<Level width ="2">
<Camera x="0" y="2" minWidth="20" maxWidth="30">
<Birds>
<Bird type="BirdRed"/>
<Bird type="BirdRed"/>
<Bird type="BirdRed"/>
</Birds>
<Slingshot x="-8" y="-2.5">
<GameObjects>
<Block type="RectBig" material="stone" x="1.76971977883393" y="-2.0161124340879595" rotation="90.0" />
<Block type="RectMedium" material="stone" x="0.32967224015392615" y="-2.243459924162339" rotation="90.0" />
<Block type="RectMedium" material="stone" x="2.2135829984980515" y="-0.5677177406701334" rotation="0.0" />
<Block type="RectSmall" material="stone" x="0.35120980019590203" y="-1.0040267906376399" rotation="45.0" />
<Block type="RectSmall" material="stone" x="0.8726747247842046" y="-0.8006120918792785" rotation="-45.0" />
<Block type="RectSmall" material="stone" x="0.7051457707708602" y="-1.247407032841476" rotation="0.0" />
<Block type="RectSmall" material="stone" x="0.7601402593205313" y="-2.248111316968257" rotation="0.0" />
<Block type="RectSmall" material="stone" x="0.7949639756944958" y="-1.7484212671300081" rotation="45.0" />
<Block type="RectSmall" material="stone" x="1.1292557058976" y="-1.6380647880326566" rotation="90.0" />
<Block type="RectSmall" material="stone" x="0.8577210332992574" y="-2.7295258595065794" rotation="30.0" />
<Block type="RectSmall" material="stone" x="2.352359737362605" y="-0.9678179440149723" rotation="0.0" />
<Block type="RectSmall" material="stone" x="2.299395825664377" y="-2.0582651539153387" rotation="0.0" />
<Block type="RectSmall" material="stone" x="2.321853589033223" y="-2.24" rotation="0.0" />
<Block type="RectSmall" material="stone" x="2.3576878336882543" y="-2.9672518396645327" rotation="0.0" />
<Block type="RectSmall" material="stone" x="2.650207100976499" y="-1.4301711007453284" rotation="90.0" />
<Block type="RectSmall" material="stone" x="2.7976139862386353" y="-2.600273819126556" rotation="90.0" />
<Block type="SquareTiny" material="stone" x="0.6462686102133144" y="-1.0642235730435792" rotation="0.0" />
<Block type="SquareTiny" material="stone" x="2.3" y="-0.4288594466890321" rotation="0.0" />
<Block type="RectMedium" material="ice" x="2.340191663338917" y="-0.8984638809905344" rotation="0.0" />
<Block type="RectFat" material="ice" x="0.6342530966838471" y="-3.1321919052201825" rotation="0.0" />
<Block type="RectFat" material="ice" x="1.31978571987956" y="-3.0525199224900916" rotation="90.0" />
<Block type="RectFat" material="ice" x="1.8615586068784673" y="-3.2967939161336024" rotation="0.0" />
<Block type="RectFat" material="ice" x="2.81" y="-3.4067141200040423" rotation="0.0" />
</GameObjects>
</Level>
