<?xml version="1.0" encoding="utf-16"?>
<Level width ="2">
<Camera x="0" y="2" minWidth="20" maxWidth="30">
<Birds>
<Bird type="BirdRed"/>
<Bird type="BirdRed"/>
<Bird type="BirdRed"/>
</Birds>
<Slingshot x="-8" y="-2.5">
<GameObjects>
<Block type="RectBig" material="stone" x="2.2642311831839783" y="-2.9537624084345535" rotation="0.0" />
<Block type="RectMedium" material="stone" x="2.12" y="-1.9047206901694953" rotation="0.0" />
<Block type="RectMedium" material="stone" x="0.8683335236134306" y="-2.7339501252471154" rotation="90.0" />
<Block type="SquareTiny" material="stone" x="0.9190963736604488" y="-1.0130624273225757" rotation="0.0" />
<Block type="RectSmall" material="stone" x="2.0484744808634714" y="-1.3981833510681945" rotation="90.0" />
<Block type="RectSmall" material="stone" x="2.11" y="-2.508994005300917" rotation="90.0" />
<Block type="RectSmall" material="stone" x="0.8582837285913711" y="-1.344927293368592" rotation="0.0" />
<Block type="RectSmall" material="stone" x="0.7583129098733911" y="-1.6266406089119654" rotation="-135.0" />
<Block type="RectBig" material="ice" x="1.7197267503273017" y="-1.9354274731115544" rotation="90.0" />
<Block type="RectSmall" material="ice" x="0.25004687719696156" y="-3.344733123864348" rotation="0.0" />
<Block type="RectFat" material="ice" x="1.5456437861816477" y="-3.2324135270630623" rotation="0.0" />
<Block type="RectFat" material="ice" x="2.8174190241949897" y="-3.27" rotation="0.0" />
</GameObjects>
</Level>
