<?xml version="1.0" encoding="utf-16"?>
<Level width ="2">
<Camera x="0" y="2" minWidth="20" maxWidth="30">
<Birds>
<Bird type="BirdRed"/>
<Bird type="BirdRed"/>
<Bird type="BirdRed"/>
</Birds>
<Slingshot x="-8" y="-2.5">
<GameObjects>
<Block type="RectBig" material="stone" x="1.7677404271322135" y="-2.027332680095073" rotation="90.0" />
<Block type="RectMedium" material="stone" x="0.371323932499669" y="-2.217222869618326" rotation="90.0" />
<Block type="RectMedium" material="stone" x="2.3475237360587577" y="-0.7034120244090858" rotation="0.0" />
<Block type="RectSmall" material="stone" x="0.3198169974597835" y="-0.9730537911536238" rotation="45.0" />
<Block type="RectSmall" material="stone" x="0.9985483327119097" y="-0.8559437382269207" rotation="-45.0" />
<Block type="RectSmall" material="stone" x="0.6030282021289654" y="-1.3682944414120324" rotation="0.0" />
<Block type="RectSmall" material="stone" x="0.7699763699350423" y="-2.17473222969406" rotation="0.0" />
<Block type="RectSmall" material="stone" x="0.714566058154704" y="-1.6843092384816496" rotation="45.0" />
<Block type="RectSmall" material="stone" x="1.1554921416797628" y="-1.5993793373422611" rotation="90.0" />
<Block type="RectSmall" material="stone" x="0.8211436948165654" y="-2.74" rotation="30.0" />
<Block type="RectSmall" material="stone" x="2.394458378693082" y="-1.0637132494120187" rotation="0.0" />
<Block type="RectSmall" material="stone" x="2.344885562997496" y="-2.0505323615603337" rotation="0.0" />
<Block type="RectSmall" material="stone" x="2.2983938879221077" y="-2.235215076208168" rotation="0.0" />
<Block type="RectSmall" material="stone" x="2.419446284794633" y="-3.0105968007374497" rotation="0.0" />
<Block type="RectSmall" material="stone" x="2.6431118502181197" y="-1.4302307232855132" rotation="90.0" />
<Block type="RectSmall" material="stone" x="2.83" y="-2.487202856693114" rotation="90.0" />
<Block type="SquareTiny" material="stone" x="0.6753223141036154" y="-1.0447831611274556" rotation="0.0" />
<Block type="SquareTiny" material="stone" x="2.4012937076692977" y="-0.4409795770735682" rotation="0.0" />
<Block type="RectMedium" material="ice" x="2.343239923122275" y="-0.85" rotation="0.0" />
<Block type="RectFat" material="ice" x="0.5263954358789467" y="-3.3619738542158943" rotation="0.0" />
<Block type="RectFat" material="ice" x="1.343760774283635" y="-3.157297658637287" rotation="90.0" />
<Block type="RectFat" material="ice" x="1.8866821440548" y="-3.261140276940204" rotation="0.0" />
<Block type="RectFat" material="ice" x="2.8825064412147454" y="-3.3157599568171325" rotation="0.0" />
</GameObjects>
</Level>
