<?xml version="1.0" encoding="utf-16"?>
<Level width ="2">
<Camera x="0" y="2" minWidth="20" maxWidth="30">
<Birds>
<Bird type="BirdRed"/>
<Bird type="BirdRed"/>
<Bird type="BirdRed"/>
</Birds>
<Slingshot x="-8" y="-2.5">
<GameObjects>
<Block type="RectBig" material="stone" x="1.8352953274035393" y="-2.013470044228224" rotation="90.0" />
<Block type="RectMedium" material="stone" x="0.3183320709705935" y="-2.2828345076833774" rotation="90.0" />
<Block type="RectMedium" material="stone" x="2.381846234418766" y="-0.6779310311357973" rotation="0.0" />
<Block type="RectSmall" material="stone" x="0.33" y="-0.9326806445635264" rotation="45.0" />
<Block type="RectSmall" material="stone" x="1.0019222368350236" y="-0.9026178359013416" rotation="-45.0" />
<Block type="RectSmall" material="stone" x="0.6016186105581576" y="-1.2711504332421926" rotation="0.0" />
<Block type="RectSmall" material="stone" x="0.8555826751495598" y="-2.085317813142052" rotation="0.0" />
<Block type="RectSmall" material="stone" x="0.7038741819132699" y="-1.6817785624477672" rotation="45.0" />
<Block type="RectSmall" material="stone" x="1.1981180030505052" y="-1.65" rotation="90.0" />
<Block type="RectSmall" material="stone" x="0.8158391554076578" y="-2.6629261417416616" rotation="30.0" />
<Block type="RectSmall" material="stone" x="2.4392343561223586" y="-1.1333110528328727" rotation="0.0" />
<Block type="RectSmall" material="stone" x="2.360456452859796" y="-1.9933171938808736" rotation="0.0" />
<Block type="RectSmall" material="stone" x="2.31" y="-2.24" rotation="0.0" />
<Block type="RectSmall" material="stone" x="2.3346133257375485" y="-2.9645027477740724" rotation="0.0" />
<Block type="RectSmall" material="stone" x="2.786710243824586" y="-1.4299547185430617" rotation="90.0" />
<Block type="RectSmall" material="stone" x="2.7744688903889814" y="-2.6306397363342566" rotation="90.0" />
<Block type="SquareTiny" material="stone" x="0.688147841565228" y="-1.1209720514173538" rotation="0.0" />
<Block type="SquareTiny" material="stone" x="2.2040221585547872" y="-0.4183482659669462" rotation="0.0" />
<Block type="RectMedium" material="ice" x="2.362001390616891" y="-0.9207341337037518" rotation="0.0" />
<Block type="RectFat" material="ice" x="0.5344411232565325" y="-3.1708880420567818" rotation="0.0" />
<Block type="RectFat" material="ice" x="1.3066700374131976" y="-3.0772147102249727" rotation="90.0" />
<Block type="RectFat" material="ice" x="1.9044262916172316" y="-3.3626944965207515" rotation="0.0" />
<Block type="RectFat" material="ice" x="2.8601782331729497" y="-3.26297197365518" rotation="0.0" />
</GameObjects>
</Level>
