<?xml version="1.0" encoding="utf-16"?>
<Level width ="2">
<Camera x="0" y="2" minWidth="20" maxWidth="30">
<Birds>
<Bird type="BirdRed"/>
<Bird type="BirdRed"/>
<Bird type="BirdRed"/>
</Birds>
<Slingshot x="-8" y="-2.5">
<GameObjects>
<Block type="RectBig" material="stone" x="1.7507379757168462" y="-2.0584123613881657" rotation="90.0" />
<Block type="RectMedium" material="stone" x="0.35084697519055275" y="-2.265539164658375" rotation="90.0" />
<Block type="RectMedium" material="stone" x="2.3567908307835195" y="-0.6115710428022278" rotation="0.0" />
<Block type="RectSmall" material="stone" x="0.29043701098624936" y="-1.012560826657602" rotation="45.0" />
<Block type="RectSmall" material="stone" x="0.8606537749791678" y="-0.6957866693607558" rotation="-45.0" />
<Block type="RectSmall" material="stone" x="0.6062641780968981" y="-1.3902260053928837" rotation="0.0" />
<Block type="RectSmall" material="stone" x="0.9187141979717408" y="-2.2274623078248266" rotation="0.0" />
<Block type="RectSmall" material="stone" x="0.8305989690747062" y="-1.7156106734439502" rotation="45.0" />
<Block type="RectSmall" material="stone" x="1.19" y="-1.669677163383327" rotation="90.0" />
<Block type="RectSmall" material="stone" x="0.7589731995889439" y="-2.686093154044985" rotation="30.0" />
<Block type="RectSmall" material="stone" x="2.34" y="-1.076190454541104" rotation="0.0" />
<Block type="RectSmall" material="stone" x="2.3316612583451017" y="-1.9787973821860452" rotation="0.0" />
<Block type="RectSmall" material="stone" x="2.31" y="-2.0703489753797992" rotation="0.0" />
<Block type="RectSmall" material="stone" x="2.2245994574033747" y="-2.8444699201219152" rotation="0.0" />
<Block type="RectSmall" material="stone" x="2.77" y="-1.5028189977765365" rotation="90.0" />
<Block type="RectSmall" material="stone" x="2.7518233857849523" y="-2.514673483495435" rotation="90.0" />
<Block type="SquareTiny" material="stone" x="0.6164762544204787" y="-1.1001322157155053" rotation="0.0" />
<Block type="SquareTiny" material="stone" x="2.3" y="-0.41807379619224583" rotation="0.0" />
<Block type="RectMedium" material="ice" x="2.480524209102442" y="-0.9199810792928332" rotation="0.0" />
<Block type="RectFat" material="ice" x="0.5938931702143974" y="-3.282567323875941" rotation="0.0" />
<Block type="RectFat" material="ice" x="1.27" y="-3.062961617650206" rotation="90.0" />
<Block type="RectFat" material="ice" x="1.9644681434346856" y="-3.27" rotation="0.0" />
<Block type="RectFat" material="ice" x="2.81" y="-3.210985958837305" rotation="0.0" />
</GameObjects>
</Level>
