<?xml version="1.0" encoding="utf-16"?>
<Level width ="2">
<Camera x="0" y="2" minWidth="20" maxWidth="30">
<Birds>
<Bird type="BirdRed"/>
<Bird type="BirdRed"/>
<Bird type="BirdRed"/>
</Birds>
<Slingshot x="-8" y="-2.5">
<GameObjects>
<Block type="RectBig" material="stone" x="2.2814251083450965" y="-3.0363069495311232" rotation="0.0" />
<Block type="RectMedium" material="stone" x="2.148832749880627" y="-2.168617253958355" rotation="0.0" />
<Block type="RectMedium" material="stone" x="0.9220312031659371" y="-2.681906810627927" rotation="90.0" />
<Block type="SquareTiny" material="stone" x="0.9184841998934311" y="-1.0904561446630656" rotation="0.0" />
<Block type="RectSmall" material="stone" x="2.165853986855427" y="-1.333424580772871" rotation="90.0" />
<Block type="RectSmall" material="stone" x="1.9005766272846747" y="-2.464979833771371" rotation="90.0" />
<Block type="RectSmall" material="stone" x="0.8863764801842535" y="-1.3274343980483376" rotation="0.0" />
<Block type="RectSmall" material="stone" x="0.9524548809426187" y="-1.741264767497148" rotation="-135.0" />
<Block type="RectBig" material="ice" x="1.7009348407514562" y="-2.1153281477693824" rotation="90.0" />
<Block type="RectSmall" material="ice" x="0.5305944268019812" y="-3.365830625693172" rotation="0.0" />
<Block type="RectFat" material="ice" x="1.405349651905314" y="-3.2567306172968875" rotation="0.0" />
<Block type="RectFat" material="ice" x="2.9475673430319627" y="-3.2513994897834775" rotation="0.0" />
</GameObjects>
</Level>
