<?xml version="1.0" encoding="utf-16"?>
<Level width ="2">
<Camera x="0" y="2" minWidth="20" maxWidth="30">
<Birds>
<Bird type="BirdRed"/>
<Bird type="BirdRed"/>
<Bird type="BirdRed"/>
</Birds>
<Slingshot x="-8" y="-2.5">
<GameObjects>
<Block type="RectBig" material="stone" x="1.7697533136065506" y="-2.04727282045942" rotation="90.0" />
<Block type="RectMedium" material="stone" x="0.45411591537766943" y="-2.428949382748868" rotation="90.0" />
<Block type="RectMedium" material="stone" x="2.231124219867803" y="-0.6900038996410695" rotation="0.0" />
<Block type="RectSmall" material="stone" x="0.2529529876973614" y="-0.9477492746994264" rotation="45.0" />
<Block type="RectSmall" material="stone" x="0.9803648733110928" y="-0.847323349815161" rotation="-45.0" />
<Block type="RectSmall" material="stone" x="0.6392266377508283" y="-1.1764877823530593" rotation="0.0" />
<Block type="RectSmall" material="stone" x="0.7067867511512048" y="-2.1756050032605536" rotation="0.0" />
<Block type="RectSmall" material="stone" x="0.6636934308449485" y="-1.678417998774182" rotation="45.0" />
<Block type="RectSmall" material="stone" x="1.2373626918146674" y="-1.65" rotation="90.0" />
<Block type="RectSmall" material="stone" x="0.81" y="-2.802811923292123" rotation="30.0" />
<Block type="RectSmall" material="stone" x="2.4434429263052615" y="-1.025039737964395" rotation="0.0" />
<Block type="RectSmall" material="stone" x="2.3415304185364865" y="-1.998641061950753" rotation="0.0" />
<Block type="RectSmall" material="stone" x="2.272479858092965" y="-2.3321236436166424" rotation="0.0" />
<Block type="RectSmall" material="stone" x="2.255819324890729" y="-3.0149843462130685" rotation="0.0" />
<Block type="RectSmall" material="stone" x="2.7756557487298434" y="-1.49" rotation="90.0" />
<Block type="RectSmall" material="stone" x="2.83" y="-2.6360926222249796" rotation="90.0" />
<Block type="SquareTiny" material="stone" x="0.5933055697707011" y="-1.0891994529658475" rotation="0.0" />
<Block type="SquareTiny" material="stone" x="2.387758816611967" y="-0.36513419286790594" rotation="0.0" />
<Block type="RectMedium" material="ice" x="2.4007824542041445" y="-0.9989248755912723" rotation="0.0" />
<Block type="RectFat" material="ice" x="0.625321912616332" y="-3.347954901132907" rotation="0.0" />
<Block type="RectFat" material="ice" x="1.2561252715775895" y="-3.0987975022644507" rotation="90.0" />
<Block type="RectFat" material="ice" x="1.8461393435397135" y="-3.3767646317805573" rotation="0.0" />
<Block type="RectFat" material="ice" x="2.823810606441901" y="-3.27" rotation="0.0" />
</GameObjects>
</Level>
