<?xml version="1.0" encoding="utf-16"?>
<Level width ="2">
<Camera x="0" y="2" minWidth="20" maxWidth="30">
<Birds>
<Bird type="BirdRed"/>
<Bird type="BirdRed"/>
<Bird type="BirdRed"/>
</Birds>
<Slingshot x="-8" y="-2.5">
<GameObjects>
<Block type="RectBig" material="stone" x="2.12" y="-2.98" rotation="0.0" />
<Block type="RectMedium" material="stone" x="2.12" y="-1.92" rotation="0.0" />
<Block type="RectMedium" material="stone" x="0.93" y="-2.700514181722801" rotation="90.0" />
<Block type="SquareTiny" material="stone" x="0.92" y="-1.06" rotation="0.0" />
<Block type="RectSmall" material="stone" x="2.11" y="-1.39" rotation="90.0" />
<Block type="RectSmall" material="stone" x="2.11" y="-2.45" rotation="90.0" />
<Block type="RectSmall" material="stone" x="0.9" y="-1.28" rotation="0.0" />
<Block type="RectSmall" material="stone" x="0.85" y="-1.72" rotation="-135.0" />
<Block type="RectBig" material="ice" x="1.75" y="-2.11608470552019" rotation="90.0" />
<Block type="RectSmall" material="ice" x="0.3763556641830131" y="-3.27" rotation="0.0" />
<Block type="RectFat" material="ice" x="1.3581730391484128" y="-3.27" rotation="0.0" />
<Block type="RectFat" material="ice" x="2.78" y="-3.27" rotation="0.0" />
</GameObjects>
</Level>
