<?xml version="1.0" encoding="utf-16"?>
<Level width ="2">
<Camera x="0" y="2" minWidth="20" maxWidth="30">
<Birds>
<Bird type="BirdRed"/>
<Bird type="BirdRed"/>
<Bird type="BirdRed"/>
</Birds>
<Slingshot x="-8" y="-2.5">
<GameObjects>
<Block type="RectBig" material="stone" x="1.7910337337085722" y="-1.8917456874426155" rotation="90.0" />
<Block type="RectMedium" material="stone" x="0.3436633332167505" y="-2.1299535528282503" rotation="90.0" />
<Block type="RectMedium" material="stone" x="2.186974069339688" y="-0.7075848182786544" rotation="0.0" />
<Block type="RectSmall" material="stone" x="0.3884320088365186" y="-0.960766203340864" rotation="45.0" />
<Block type="RectSmall" material="stone" x="0.9755646713654917" y="-0.8812627393761834" rotation="-45.0" />
<Block type="RectSmall" material="stone" x="0.44874245875952773" y="-1.2655395179780982" rotation="0.0" />
<Block type="RectSmall" material="stone" x="0.9528307163572369" y="-2.165430239476318" rotation="0.0" />
<Block type="RectSmall" material="stone" x="0.6008266310087199" y="-1.7453441143833115" rotation="45.0" />
<Block type="RectSmall" material="stone" x="1.1252150784426078" y="-1.700954844807537" rotation="90.0" />
<Block type="RectSmall" material="stone" x="0.81" y="-2.7204707458039494" rotation="30.0" />
<Block type="RectSmall" material="stone" x="2.4293835038994285" y="-1.237240127083886" rotation="0.0" />
<Block type="RectSmall" material="stone" x="2.4870601864818376" y="-2.0644334034523713" rotation="0.0" />
<Block type="RectSmall" material="stone" x="2.265587721063594" y="-2.24" rotation="0.0" />
<Block type="RectSmall" material="stone" x="2.3024193953523153" y="-2.971129352969112" rotation="0.0" />
<Block type="RectSmall" material="stone" x="2.6764926573222434" y="-1.4783087823254817" rotation="90.0" />
<Block type="RectSmall" material="stone" x="2.7526481650240577" y="-2.6483657649878127" rotation="90.0" />
<Block type="SquareTiny" material="stone" x="0.6433811840146592" y="-1.1925144612226255" rotation="0.0" />
<Block type="SquareTiny" material="stone" x="2.3309089664316898" y="-0.49451901047339686" rotation="0.0" />
<Block type="RectMedium" material="ice" x="2.298360347101556" y="-1.0103041048881853" rotation="0.0" />
<Block type="RectFat" material="ice" x="0.38690630018455313" y="-3.2848448076873873" rotation="0.0" />
<Block type="RectFat" material="ice" x="1.2508651974253144" y="-3.098619388587921" rotation="90.0" />
<Block type="RectFat" material="ice" x="1.8879329030742533" y="-3.360959774343005" rotation="0.0" />
<Block type="RectFat" material="ice" x="2.7982287735164815" y="-3.3138667155927983" rotation="0.0" />
</GameObjects>
</Level>
