<?xml version="1.0" encoding="utf-16"?>
<Level width ="2">
<Camera x="0" y="2" minWidth="20" maxWidth="30">
<Birds>
<Bird type="BirdRed"/>
<Bird type="BirdRed"/>
<Bird type="BirdRed"/>
</Birds>
<Slingshot x="-8" y="-2.5">
<GameObjects>
<Block type="RectBig" material="stone" x="1.7921158892343703" y="-2.0" rotation="90.0" />
<Block type="RectMedium" material="stone" x="0.31" y="-2.3371487014778407" rotation="90.0" />
<Block type="RectMedium" material="stone" x="2.280415361422905" y="-0.6051336933061349" rotation="0.0" />
<Block type="RectSmall" material="stone" x="0.33" y="-0.95" rotation="45.0" />
<Block type="RectSmall" material="stone" x="0.9035526309382561" y="-0.8475262675768499" rotation="-45.0" />
<Block type="RectSmall" material="stone" x="0.6852721989264021" y="-1.2213308610872837" rotation="0.0" />
<Block type="RectSmall" material="stone" x="0.7715216173383018" y="-2.1787152108864425" rotation="0.0" />
<Block type="RectSmall" material="stone" x="0.778057650289065" y="-1.7607230173603703" rotation="45.0" />
<Block type="RectSmall" material="stone" x="1.19" y="-1.571427869219415" rotation="90.0" />
<Block type="RectSmall" material="stone" x="0.81" y="-2.6739983651119026" rotation="30.0" />
<Block type="RectSmall" material="stone" x="2.34" y="-1.0662610784768587" rotation="0.0" />
<Block type="RectSmall" material="stone" x="2.368331556823104" y="-1.97" rotation="0.0" />
<Block type="RectSmall" material="stone" x="2.3476843460481605" y="-2.2505094409500352" rotation="0.0" />
<Block type="RectSmall" material="stone" x="2.3676897542103172" y="-2.9277309325481236" rotation="0.0" />
<Block type="RectSmall" material="stone" x="2.792998062563696" y="-1.49" rotation="90.0" />
<Block type="RectSmall" material="stone" x="2.785812469562335" y="-2.6359937047500868" rotation="90.0" />
<Block type="SquareTiny" material="stone" x="0.658836536158326" y="-1.09" rotation="0.0" />
<Block type="SquareTiny" material="stone" x="2.3" y="-0.41" rotation="0.0" />
<Block type="RectMedium" material="ice" x="2.34" y="-0.9499101314214824" rotation="0.0" />
<Block type="RectFat" material="ice" x="0.59" y="-3.219290279025037" rotation="0.0" />
<Block type="RectFat" material="ice" x="1.255725433056971" y="-3.06" rotation="90.0" />
<Block type="RectFat" material="ice" x="1.93" y="-3.2455235985850948" rotation="0.0" />
<Block type="RectFat" material="ice" x="2.730998732704345" y="-3.27" rotation="0.0" />
</GameObjects>
</Level>
