<?xml version="1.0" encoding="utf-16"?>
<Level width ="2">
<Camera x="0" y="2" minWidth="20" maxWidth="30">
<Birds>
<Bird type="BirdRed"/>
<Bird type="BirdRed"/>
<Bird type="BirdRed"/>
</Birds>
<Slingshot x="-8" y="-2.5">
<GameObjects>
<Block type="RectBig" material="stone" x="1.7131471020818982" y="-1.9795875839479187" rotation="90.0" />
<Block type="RectMedium" material="stone" x="0.31" y="-2.25" rotation="90.0" />
<Block type="RectMedium" material="stone" x="2.32" y="-0.64" rotation="0.0" />
<Block type="RectSmall" material="stone" x="0.3804737747404806" y="-0.95" rotation="45.0" />
<Block type="RectSmall" material="stone" x="1.0020773784500447" y="-0.7829238016122088" rotation="-45.0" />
<Block type="RectSmall" material="stone" x="0.66" y="-1.3" rotation="0.0" />
<Block type="RectSmall" material="stone" x="0.82" y="-2.15" rotation="0.0" />
<Block type="RectSmall" material="stone" x="0.662264970779328" y="-1.7478793421927117" rotation="45.0" />
<Block type="RectSmall" material="stone" x="1.19" y="-1.65" rotation="90.0" />
<Block type="RectSmall" material="stone" x="0.81" y="-2.74" rotation="30.0" />
<Block type="RectSmall" material="stone" x="2.34" y="-1.04" rotation="0.0" />
<Block type="RectSmall" material="stone" x="2.33" y="-1.97" rotation="0.0" />
<Block type="RectSmall" material="stone" x="2.31" y="-2.24" rotation="0.0" />
<Block type="RectSmall" material="stone" x="2.22793888563712" y="-2.93" rotation="0.0" />
<Block type="RectSmall" material="stone" x="2.77" y="-1.49" rotation="90.0" />
<Block type="RectSmall" material="stone" x="2.8620897109458885" y="-2.56" rotation="90.0" />
<Block type="SquareTiny" material="stone" x="0.67" y="-1.09" rotation="0.0" />
<Block type="SquareTiny" material="stone" x="2.3" y="-0.41" rotation="0.0" />
<Block type="RectMedium" material="ice" x="2.34" y="-0.85" rotation="0.0" />
<Block type="RectFat" material="ice" x="0.5805507146908497" y="-3.27" rotation="0.0" />
<Block type="RectFat" material="ice" x="1.27" y="-3.06" rotation="90.0" />
<Block type="RectFat" material="ice" x="1.9080179353883164" y="-3.2312719587728598" rotation="0.0" />
<Block type="RectFat" material="ice" x="2.81" y="-3.27" rotation="0.0" />
</GameObjects>
</Level>
