<?xml version="1.0" encoding="utf-16"?>
<Level width ="2">
<Camera x="0" y="2" minWidth="20" maxWidth="30">
<Birds>
<Bird type="BirdRed"/>
<Bird type="BirdRed"/>
<Bird type="BirdRed"/>
</Birds>
<Slingshot x="-8" y="-2.5">
<GameObjects>
<Block type="RectBig" material="stone" x="1.8580577045924533" y="-1.9602207324547993" rotation="90.0" />
<Block type="RectMedium" material="stone" x="0.31" y="-2.2917119345266097" rotation="90.0" />
<Block type="RectMedium" material="stone" x="2.32" y="-0.64" rotation="0.0" />
<Block type="RectSmall" material="stone" x="0.3158868576640194" y="-0.95" rotation="45.0" />
<Block type="RectSmall" material="stone" x="0.9017215859518248" y="-0.77" rotation="-45.0" />
<Block type="RectSmall" material="stone" x="0.66" y="-1.2973456484287067" rotation="0.0" />
<Block type="RectSmall" material="stone" x="0.82" y="-2.147886359452408" rotation="0.0" />
<Block type="RectSmall" material="stone" x="0.7272160089498295" y="-1.73" rotation="45.0" />
<Block type="RectSmall" material="stone" x="1.19" y="-1.65" rotation="90.0" />
<Block type="RectSmall" material="stone" x="0.81" y="-2.74" rotation="30.0" />
<Block type="RectSmall" material="stone" x="2.34" y="-1.04" rotation="0.0" />
<Block type="RectSmall" material="stone" x="2.282843694268464" y="-1.97" rotation="0.0" />
<Block type="RectSmall" material="stone" x="2.31" y="-2.24" rotation="0.0" />
<Block type="RectSmall" material="stone" x="2.32" y="-2.91853693552892" rotation="0.0" />
<Block type="RectSmall" material="stone" x="2.77" y="-1.49" rotation="90.0" />
<Block type="RectSmall" material="stone" x="2.83" y="-2.4887907498726562" rotation="90.0" />
<Block type="SquareTiny" material="stone" x="0.67" y="-1.09" rotation="0.0" />
<Block type="SquareTiny" material="stone" x="2.3" y="-0.41" rotation="0.0" />
<Block type="RectMedium" material="ice" x="2.3549941250788566" y="-0.774340337016685" rotation="0.0" />
<Block type="RectFat" material="ice" x="0.59" y="-3.27" rotation="0.0" />
<Block type="RectFat" material="ice" x="1.27" y="-3.0548234423293232" rotation="90.0" />
<Block type="RectFat" material="ice" x="1.9570989517586936" y="-3.27" rotation="0.0" />
<Block type="RectFat" material="ice" x="2.81" y="-3.3253564455882083" rotation="0.0" />
</GameObjects>
</Level>
