<?xml version="1.0" encoding="utf-16"?>
<Level width ="2">
<Camera x="0" y="2" minWidth="20" maxWidth="30">
<Birds>
<Bird type="BirdRed"/>
<Bird type="BirdRed"/>
<Bird type="BirdRed"/>
</Birds>
<Slingshot x="-8" y="-2.5">
<GameObjects>
<Block type="RectBig" material="stone" x="2.2909582020471366" y="-2.98" rotation="0.0" />
<Block type="RectMedium" material="stone" x="2.12" y="-1.9440646018296794" rotation="0.0" />
<Block type="RectMedium" material="stone" x="0.93" y="-2.7085223203958932" rotation="90.0" />
<Block type="SquareTiny" material="stone" x="0.973653540843262" y="-1.0675827062078258" rotation="0.0" />
<Block type="RectSmall" material="stone" x="2.129991383212853" y="-1.367252157723243" rotation="90.0" />
<Block type="RectSmall" material="stone" x="2.11" y="-2.45" rotation="90.0" />
<Block type="RectSmall" material="stone" x="0.8834590536943736" y="-1.3553216395458119" rotation="0.0" />
<Block type="RectSmall" material="stone" x="0.85" y="-1.641386062495119" rotation="-135.0" />
<Block type="RectBig" material="ice" x="1.8108616127393955" y="-2.16" rotation="90.0" />
<Block type="RectSmall" material="ice" x="0.40368464803577175" y="-3.27" rotation="0.0" />
<Block type="RectFat" material="ice" x="1.5455897045365288" y="-3.2720942814653386" rotation="0.0" />
<Block type="RectFat" material="ice" x="2.7149450603512304" y="-3.27" rotation="0.0" />
</GameObjects>
</Level>
