<?xml version="1.0" encoding="utf-16"?>
<Level width ="2">
<Camera x="0" y="2" minWidth="20" maxWidth="30">
<Birds>
<Bird type="BirdRed"/>
<Bird type="BirdRed"/>
<Bird type="BirdRed"/>
</Birds>
<Slingshot x="-8" y="-2.5">
<GameObjects>
<Block type="RectBig" material="stone" x="1.8213152513160569" y="-2.1495477311000477" rotation="90.0" />
<Block type="RectMedium" material="stone" x="0.31158797401128385" y="-2.1802176371639437" rotation="90.0" />
<Block type="RectMedium" material="stone" x="2.2667846116835206" y="-0.683984686896586" rotation="0.0" />
<Block type="RectSmall" material="stone" x="0.32792724546910706" y="-0.9916351116010288" rotation="45.0" />
<Block type="RectSmall" material="stone" x="0.8456265157689598" y="-0.9568979722704761" rotation="-45.0" />
<Block type="RectSmall" material="stone" x="0.742139392178191" y="-1.268129147756965" rotation="0.0" />
<Block type="RectSmall" material="stone" x="0.8177574181915152" y="-2.409486638297279" rotation="0.0" />
<Block type="RectSmall" material="stone" x="0.7605761079623874" y="-1.651555522890092" rotation="45.0" />
<Block type="RectSmall" material="stone" x="1.171318567684917" y="-1.608427344529698" rotation="90.0" />
<Block type="RectSmall" material="stone" x="0.8476010708003544" y="-2.6685623331172286" rotation="30.0" />
<Block type="RectSmall" material="stone" x="2.3897579878386126" y="-1.091468160339254" rotation="0.0" />
<Block type="RectSmall" material="stone" x="2.4069441827459506" y="-1.91992392498677" rotation="0.0" />
<Block type="RectSmall" material="stone" x="2.336554794721618" y="-2.2553203880308663" rotation="0.0" />
<Block type="RectSmall" material="stone" x="2.3598573713886353" y="-3.007606426424629" rotation="0.0" />
<Block type="RectSmall" material="stone" x="2.7408333935586393" y="-1.315235704098509" rotation="90.0" />
<Block type="RectSmall" material="stone" x="2.8938475983779615" y="-2.6253529126398436" rotation="90.0" />
<Block type="SquareTiny" material="stone" x="0.6110970702994972" y="-1.0333940269947366" rotation="0.0" />
<Block type="SquareTiny" material="stone" x="2.307549864285751" y="-0.19406369915785648" rotation="0.0" />
<Block type="RectMedium" material="ice" x="2.569158844223218" y="-0.9331110859935148" rotation="0.0" />
<Block type="RectFat" material="ice" x="0.7042254386055697" y="-3.195716591014326" rotation="0.0" />
<Block type="RectFat" material="ice" x="1.3013966776330883" y="-3.1420196129447127" rotation="90.0" />
<Block type="RectFat" material="ice" x="2.020648499667046" y="-3.1745437070883997" rotation="0.0" />
<Block type="RectFat" material="ice" x="2.8328525153797712" y="-3.2626075387564555" rotation="0.0" />
</GameObjects>
</Level>
