<?xml version="1.0" encoding="utf-16"?>
<Level width ="2">
<Camera x="0" y="2" minWidth="20" maxWidth="30">
<Birds>
<Bird type="BirdRed"/>
<Bird type="BirdRed"/>
<Bird type="BirdRed"/>
</Birds>
<Slingshot x="-8" y="-2.5">
<GameObjects>
<Block type="RectBig" material="stone" x="1.8070279224350472" y="-2.0280696682260984" rotation="90.0" />
<Block type="RectMedium" material="stone" x="0.38993142486687987" y="-2.162106517788469" rotation="90.0" />
<Block type="RectMedium" material="stone" x="2.32" y="-0.7195630212124102" rotation="0.0" />
<Block type="RectSmall" material="stone" x="0.33" y="-0.994079165994703" rotation="45.0" />
<Block type="RectSmall" material="stone" x="0.9803981318072551" y="-0.6828858086357528" rotation="-45.0" />
<Block type="RectSmall" material="stone" x="0.66" y="-1.3012941760906427" rotation="0.0" />
<Block type="RectSmall" material="stone" x="0.9035061960157089" y="-2.1909909187949648" rotation="0.0" />
<Block type="RectSmall" material="stone" x="0.7144762358099098" y="-1.6430948374657233" rotation="45.0" />
<Block type="RectSmall" material="stone" x="1.1668493652442" y="-1.65" rotation="90.0" />
<Block type="RectSmall" material="stone" x="0.8576840790567539" y="-2.796237262950872" rotation="30.0" />
<Block type="RectSmall" material="stone" x="2.2766751002106447" y="-1.04" rotation="0.0" />
<Block type="RectSmall" material="stone" x="2.4051921071742277" y="-2.076206826631458" rotation="0.0" />
<Block type="RectSmall" material="stone" x="2.329648174052232" y="-2.24" rotation="0.0" />
<Block type="RectSmall" material="stone" x="2.290496944884815" y="-2.9534202955356115" rotation="0.0" />
<Block type="RectSmall" material="stone" x="2.815740827036484" y="-1.495855207863386" rotation="90.0" />
<Block type="RectSmall" material="stone" x="2.83" y="-2.583519147183025" rotation="90.0" />
<Block type="SquareTiny" material="stone" x="0.7109807325236616" y="-1.1874838504423273" rotation="0.0" />
<Block type="SquareTiny" material="stone" x="2.3804338363954565" y="-0.41" rotation="0.0" />
<Block type="RectMedium" material="ice" x="2.34" y="-0.8120050696965109" rotation="0.0" />
<Block type="RectFat" material="ice" x="0.6240055406440891" y="-3.27" rotation="0.0" />
<Block type="RectFat" material="ice" x="1.27" y="-2.9745178956251066" rotation="90.0" />
<Block type="RectFat" material="ice" x="1.7779346758284238" y="-3.27" rotation="0.0" />
<Block type="RectFat" material="ice" x="2.830777313279674" y="-3.3074582053661215" rotation="0.0" />
</GameObjects>
</Level>
