<?xml version="1.0" encoding="utf-16"?>
<Level width ="2">
<Camera x="0" y="2" minWidth="20" maxWidth="30">
<Birds>
<Bird type="BirdRed"/>
<Bird type="BirdRed"/>
<Bird type="BirdRed"/>
</Birds>
<Slingshot x="-8" y="-2.5">
<GameObjects>
<Block type="RectBig" material="stone" x="2.2447111368550874" y="-3.10098689933422" rotation="0.0" />
<Block type="RectMedium" material="stone" x="2.002739855794246" y="-1.9873712126379808" rotation="0.0" />
<Block type="RectMedium" material="stone" x="0.8743477066226374" y="-2.69658378235203" rotation="90.0" />
<Block type="SquareTiny" material="stone" x="0.9273292459077678" y="-1.3674896290980587" rotation="0.0" />
<Block type="RectSmall" material="stone" x="2.0525235966175153" y="-1.424611470883981" rotation="90.0" />
<Block type="RectSmall" material="stone" x="2.078685431063449" y="-2.5302905055751586" rotation="90.0" />
<Block type="RectSmall" material="stone" x="0.7965973589049645" y="-1.491135791786028" rotation="0.0" />
<Block type="RectSmall" material="stone" x="0.8542248333845902" y="-1.6634395898565462" rotation="-135.0" />
<Block type="RectBig" material="ice" x="1.7546746744997685" y="-2.2420732690937184" rotation="90.0" />
<Block type="RectSmall" material="ice" x="0.5389364829502414" y="-3.2209273443914443" rotation="0.0" />
<Block type="RectFat" material="ice" x="1.5273464258387546" y="-3.0506396738895467" rotation="0.0" />
<Block type="RectFat" material="ice" x="2.702357969871621" y="-3.3640710554745286" rotation="0.0" />
</GameObjects>
</Level>
