<?xml version="1.0" encoding="utf-16"?>
<Level width ="2">
<Camera x="0" y="2" minWidth="20" maxWidth="30">
<Birds>
<Bird type="BirdRed"/>
<Bird type="BirdRed"/>
<Bird type="BirdRed"/>
</Birds>
<Slingshot x="-8" y="-2.5">
<GameObjects>
<Block type="RectBig" material="stone" x="1.3990176021457092" y="-2.123944893974043" rotation="0.0" />
<Block type="RectSmall" material="stone" x="2.041736227121384" y="-2.876895642399543" rotation="75.0" />
<Block type="RectSmall" material="stone" x="1.029203206408198" y="-2.823651217051221" rotation="105.0" />
<Block type="RectSmall" material="stone" x="2.26890006591485" y="-3.403" rotation="0.0" />
<Block type="RectSmall" material="stone" x="1.437507834862941" y="-1.5615496543712497" rotation="90.0" />
<Block type="RectMedium" material="stone" x="1.0516523524566073" y="-3.379422528187953" rotation="0.0" />
<Block type="RectMedium" material="ice" x="1.5141268297764527" y="-2.359308758916466" rotation="0.0" />
<Block type="RectFat" material="ice" x="2.538875921168338" y="-3.1418810576968768" rotation="0.0" />
<Block type="RectFat" material="ice" x="0.5039852719616515" y="-3.063620578014871" rotation="0.0" />
</GameObjects>
</Level>
