<?xml version="1.0" encoding="utf-16"?>
<Level width ="2">
<Camera x="0" y="2" minWidth="20" maxWidth="30">
<Birds>
<Bird type="BirdRed"/>
<Bird type="BirdRed"/>
<Bird type="BirdRed"/>
</Birds>
<Slingshot x="-8" y="-2.5">
<GameObjects>
<Block type="RectBig" material="stone" x="1.76" y="-2.0" rotation="90.0" />
<Block type="RectMedium" material="stone" x="0.4023244195346538" y="-2.25" rotation="90.0" />
<Block type="RectMedium" material="stone" x="2.149861972555987" y="-0.5672047384819816" rotation="0.0" />
<Block type="RectSmall" material="stone" x="0.33" y="-0.8445464106432938" rotation="45.0" />
<Block type="RectSmall" material="stone" x="0.8434892660924751" y="-0.8310165961472761" rotation="-45.0" />
<Block type="RectSmall" material="stone" x="0.5244082446225662" y="-1.3" rotation="0.0" />
<Block type="RectSmall" material="stone" x="0.8153046710141946" y="-2.1791671982251817" rotation="0.0" />
<Block type="RectSmall" material="stone" x="0.691372763821504" y="-1.7410998149815968" rotation="45.0" />
<Block type="RectSmall" material="stone" x="1.177385843885921" y="-1.7139143954484874" rotation="90.0" />
<Block type="RectSmall" material="stone" x="0.81" y="-2.638933310544163" rotation="30.0" />
<Block type="RectSmall" material="stone" x="2.229088785084524" y="-0.8957653538601162" rotation="0.0" />
<Block type="RectSmall" material="stone" x="2.33" y="-2.054221889357596" rotation="0.0" />
<Block type="RectSmall" material="stone" x="2.31" y="-2.2133188101652785" rotation="0.0" />
<Block type="RectSmall" material="stone" x="2.333529436633565" y="-2.839603391551058" rotation="0.0" />
<Block type="RectSmall" material="stone" x="2.762485546214633" y="-1.3997281874464444" rotation="90.0" />
<Block type="RectSmall" material="stone" x="2.720286570705352" y="-2.56" rotation="90.0" />
<Block type="SquareTiny" material="stone" x="0.6057529563905355" y="-1.03367004045327" rotation="0.0" />
<Block type="SquareTiny" material="stone" x="2.3" y="-0.3124215261185512" rotation="0.0" />
<Block type="RectMedium" material="ice" x="2.3228801921952718" y="-0.8985296857829098" rotation="0.0" />
<Block type="RectFat" material="ice" x="0.5993286827211479" y="-3.2509808732960623" rotation="0.0" />
<Block type="RectFat" material="ice" x="1.254415294169395" y="-3.0485705485784447" rotation="90.0" />
<Block type="RectFat" material="ice" x="2.02586754638752" y="-3.369014317768086" rotation="0.0" />
<Block type="RectFat" material="ice" x="2.622129225572088" y="-3.2685587210817437" rotation="0.0" />
</GameObjects>
</Level>
